1.81,102.65,-0.9,0.43,0.99,345493,"
"
1.77,100.14,-0.88,0.45,0.97,345786,"
"
1.8,77.64,-0.87,0.48,0.98,346151,"
"
1.8,103.6,-0.86,0.49,0.97,347239,"
"
1.78,87.6,-0.83,-0.54,0.98,350416,"
"
1.75,122.43,-0.68,0.72,0.99,352157,"
"
1.86,105.17,-0.97,-0.17,0.97,355195,"
"
1.86,116.98,-0.61,0.78,0.99,356428,"
"
1.82,117.36,-0.55,0.83,0.99,356504,"
"
1.78,119.34,-0.47,0.88,0.98,356579,"
"
1.96,104.48,-0.25,0.97,1,357305,"
"
2.25,91.79,-0.27,0.97,1.02,357380,"
"
2.58,87.69,-0.2,0.99,1.01,357455,"
"
3.13,84.7,-0.19,0.99,1.02,357530,"
"
3.5,81.53,-0.16,1,1.03,357605,"
"
3.7,79.41,-0.13,1.01,1.03,357680,"
"
3.73,80.19,-0.12,1,1.02,357755,"
"
3.71,78.72,-0.11,1.01,1.02,357830,"
"
3.66,79.19,-0.08,1.02,1.05,357906,"
"
3.69,81.18,-0.1,1,1.01,357981,"
"
3.75,81.07,-0.14,0.99,1,358056,"
"
3.78,79.34,-0.17,0.99,1.02,358132,"
"
3.76,81.67,-0.17,0.99,1.01,358207,"
"
3.78,82.2,-0.17,1,1.04,358281,"
"
3.76,81.29,-0.17,1.01,1.05,358356,"
"
3.76,81.08,-0.19,1,1.04,358431,"
"
3.76,80.65,-0.19,1,1.04,358505,"
"
3.8,79.57,-0.22,0.99,1.03,358580,"
"
3.84,81.12,-0.22,0.99,1.03,358654,"
"
3.89,80.37,-0.25,0.99,1.04,358729,"
"
3.84,81.87,-0.23,0.98,1.01,358804,"
"
3.79,82.66,-0.2,0.99,1.02,358879,"
"
3.78,81.33,-0.17,0.99,1,358954,"
"
3.77,80.53,-0.17,0.99,1.02,359029,"
"
3.8,81.01,-0.17,1,1.03,359104,"
"
3.79,81.84,-0.17,1.01,1.05,359179,"
"
3.8,79.64,-0.16,1.01,1.05,359254,"
"
3.78,78.78,-0.15,1,1.03,359329,"
"
3.7,78.88,-0.12,0.99,1,359404,"
"
3.73,79.28,-0.12,1,1.01,359479,"
"
3.67,78.98,-0.1,1,1.01,359553,"
"
3.73,77.12,-0.13,1.01,1.04,359628,"
"
3.75,74.36,-0.13,1.01,1.04,359703,"
"
3.76,76.16,-0.14,1,1.02,359778,"
"
3.79,77.12,-0.14,1,1.02,359853,"
"
3.8,76.54,-0.16,1,1.03,359928,"
"
3.79,77.39,-0.16,1,1.03,360003,"
"
3.82,76.17,-0.19,1,1.04,360078,"
"
3.8,77.97,-0.17,1,1.03,360153,"
"
3.75,79.64,-0.15,1,1.02,360228,"
"
3.77,79.93,-0.13,1,1.03,360302,"
"
3.77,81.9,-0.13,1,1.01,360377,"
"
3.75,82.59,-0.1,0.99,1,360452,"
"
3.78,82.61,-0.1,0.99,0.99,360527,"
"
3.77,82.98,-0.09,0.99,0.98,360601,"
"
3.76,82.54,-0.1,0.99,0.99,360676,"
"
3.73,82.28,-0.1,0.98,0.98,360750,"
"
3.75,81.47,-0.11,0.99,0.99,360825,"
"
3.79,82.83,-0.14,0.99,1.01,360900,"
"
3.77,81.95,-0.13,1,1.02,360975,"
"
3.73,82.88,-0.13,1.01,1.04,361050,"
"
3.77,80.8,-0.15,1.01,1.05,361125,"
"
3.8,79.15,-0.19,1,1.04,361200,"
"
3.83,77.73,-0.2,0.99,1.02,361274,"
"
3.81,79.6,-0.19,1,1.04,361349,"
"
3.69,82.24,-0.13,1,1.01,361424,"
"
3.57,82.16,-0.11,1.01,1.04,361500,"
"
3.53,79.36,-0.07,1.03,1.07,361575,"
"
3.56,78.45,-0.07,1.01,1.03,361650,"
"
3.6,77.62,-0.08,1.02,1.04,361725,"
"
3.64,79.81,-0.11,1,1.01,361800,"
"
3.72,79.24,-0.13,0.98,0.98,361875,"
"
3.76,79.48,-0.17,0.99,1,362094,"
"
3.79,78.32,-0.18,0.97,0.97,362169,"
"
2.27,85.59,-0.26,0.95,0.97,362535,"
"
2.2,86.22,-0.37,0.92,0.99,362610,"
"
2.21,82.36,-0.39,0.91,0.97,362686,"
"
2.07,107.37,-0.45,0.88,0.98,364794,"
"
2.01,108.86,-0.44,0.89,0.99,364870,"
"
1.94,109.35,-0.45,0.89,1,364946,"
"
1.84,109.31,-0.52,0.86,1.01,365021,"
"
1.8,113.1,-0.61,0.8,1.02,365168,"
"
1.84,111.81,-0.6,0.81,1.02,365244,"
"
1.82,108.63,-0.6,0.82,1.03,365319,"
"
1.78,106.4,-0.69,0.72,1,365785,"
"
1.86,82.97,-0.43,0.89,0.98,366947,"
"
2,87.06,-0.46,0.87,0.98,367095,"
"
2.57,78.3,-0.5,0.87,1.01,367170,"
"
3.3,78.18,-0.49,0.89,1.03,367245,"
"
3.84,79.43,-0.45,0.9,1.01,367320,"
"
3.88,80.38,-0.44,0.91,1.01,367395,"
"
3.87,82.42,-0.42,0.93,1.04,367470,"
"
3.86,83.69,-0.41,0.95,1.07,367546,"
"
3.87,84.56,-0.42,0.96,1.1,367621,"
"
3.82,86.26,-0.4,0.97,1.1,367696,"
"
3.77,86.28,-0.39,0.97,1.1,367771,"
"
3.78,87.33,-0.4,0.98,1.12,367846,"
"
3.83,88.28,-0.41,0.99,1.15,367921,"
"
3.81,87.9,-0.41,0.99,1.16,367997,"
"
3.82,87.39,-0.42,1,1.16,368072,"
"
3.82,85.69,-0.42,1,1.16,368147,"
"
3.81,85.22,-0.42,1,1.17,368223,"
"
3.78,84.61,-0.44,0.99,1.17,368298,"
"
3.78,86.02,-0.43,0.99,1.17,368373,"
"
3.76,86.6,-0.44,0.98,1.16,368447,"
"
3.77,86.54,-0.43,0.98,1.14,368522,"
"
3.79,86.31,-0.42,0.97,1.12,368596,"
"
3.82,86.68,-0.42,0.96,1.09,368671,"
"
3.83,85.3,-0.4,0.96,1.09,368745,"
"
3.86,85.42,-0.4,0.95,1.07,368820,"
"
3.86,86.45,-0.39,0.96,1.08,368895,"
"
3.87,87.12,-0.39,0.96,1.07,368970,"
"
3.87,87.67,-0.41,0.97,1.11,369045,"
"
3.82,87.72,-0.43,1,1.18,369120,"
"
3.8,86.94,-0.43,1,1.18,369194,"
"
3.79,86.6,-0.43,1,1.18,369269,"
"
3.77,86.98,-0.43,1.01,1.2,369344,"
"
3.76,87.57,-0.42,1,1.18,369419,"
"
3.74,88.39,-0.4,1.03,1.21,369494,"
"
3.72,88.65,-0.39,1.02,1.2,369569,"
"
3.72,87.99,-0.4,1.03,1.23,369644,"
"
3.7,86.83,-0.42,1.02,1.22,369719,"
"
3.7,85.69,-0.43,1.01,1.2,369793,"
"
3.74,85.57,-0.43,1,1.18,369868,"
"
3.67,85.55,-0.43,1.01,1.2,369943,"
"
3.71,85.81,-0.42,1,1.18,370018,"
"
3.7,85.61,-0.42,1,1.17,370094,"
"
3.7,84.74,-0.43,0.98,1.15,370169,"
"
3.75,83.9,-0.41,0.99,1.14,370244,"
"
3.79,83.15,-0.4,0.99,1.14,370319,"
"
3.8,83.67,-0.42,1.01,1.19,370393,"
"
3.76,84.42,-0.42,1.04,1.25,370468,"
"
3.74,83.24,-0.41,1.02,1.22,370543,"
"
3.75,84.29,-0.39,1.03,1.21,370618,"
"
3.75,85.58,-0.4,1.02,1.21,370692,"
"
3.75,86.12,-0.39,1.02,1.2,370767,"
"
3.79,87.8,-0.37,1.01,1.16,370842,"
"
3.81,87.7,-0.37,1,1.13,370917,"
"
3.79,89.59,-0.36,1,1.12,370992,"
"
3.79,89.49,-0.37,1.01,1.15,371067,"
"
3.78,89.81,-0.38,1.01,1.17,371143,"
"
3.76,90.31,-0.36,1.03,1.2,371218,"
"
3.75,91.24,-0.35,1.05,1.22,371293,"
"
3.74,91.41,-0.36,1.04,1.22,371369,"
"
3.69,92.03,-0.35,1.04,1.2,371444,"
"
3.71,91.78,-0.35,1.04,1.21,371519,"
"
3.73,91.22,-0.35,1.06,1.23,371594,"
"
3.75,89.87,-0.35,1.05,1.22,371669,"
"
3.77,88.29,-0.35,1.03,1.19,371744,"
"
3.76,87.28,-0.36,1.01,1.16,371820,"
"
3.76,85.96,-0.36,1.01,1.15,371895,"
"
3.84,83.66,-0.38,0.99,1.12,371970,"
"
3.83,81.34,-0.38,0.97,1.09,372045,"
"
3.86,79.26,-0.41,0.94,1.05,372120,"
"
3.83,75.24,-0.45,0.91,1.02,372195,"
"
3.35,74.29,-0.48,0.88,1.01,372271,"
"
3.02,74.21,-0.44,0.9,1,372346,"
"
2.53,75.45,-0.46,0.88,0.99,372422,"
"
2.05,75.87,-0.52,0.86,1.01,372497,"
"
1.95,76.33,-0.5,0.87,1,372573,"
"
1.9,69.67,-0.49,0.87,1,372649,"
"
1.91,65.37,-0.5,0.87,1,372725,"
"
1.93,65.8,-0.54,0.85,1.01,372800,"
"
1.95,74.38,-0.58,0.8,0.99,372876,"
"
1.94,68.98,-0.56,0.83,1.01,372951,"
"
2.01,74.8,-0.61,0.79,0.99,373027,"
"
1.94,78.85,-0.67,0.74,0.99,373102,"
"
1.91,75.36,-0.67,0.74,1,373178,"
"
1.93,72.14,-0.66,0.75,1,373254,"
"
1.94,73.55,-0.68,0.72,0.98,373330,"
"
1.87,75.48,-0.71,0.7,0.99,373406,"
"
1.85,83.75,-0.73,0.67,0.98,373481,"
"
1.9,57.78,-0.57,0.81,0.99,373921,"
"
1.86,58.89,-0.58,0.83,1.01,373996,"
"
1.84,85.71,-0.51,0.87,1.01,374145,"
"
1.89,91.98,-0.43,0.89,0.98,374220,"
"
1.9,95.17,-0.69,0.72,0.98,374512,"
"
1.98,90.22,-0.6,0.78,0.97,374587,"
"
2.01,82.51,-0.58,0.8,0.97,374879,"
"
1.96,75.32,-0.63,0.76,0.98,374954,"
"
1.9,81.29,-0.6,0.79,0.99,375030,"
"
1.85,83.19,-0.57,0.83,1.01,375105,"
"
1.89,80.07,-0.59,0.81,1,375180,"
"
1.88,84.47,-0.62,0.77,0.98,375255,"
"
1.87,83.68,-0.64,0.75,0.97,375330,"
"
1.79,77.65,-0.63,0.78,1,375405,"
"
1.83,85.75,-0.63,0.76,0.97,375479,"
"
1.88,85.99,-0.68,0.71,0.98,375698,"
"
1.86,86.44,-0.68,0.71,0.97,375846,"
"
1.84,84.98,-0.73,0.67,0.99,375921,"
"
1.78,86.52,-0.74,0.66,0.99,375997,"
"
1.82,94,-0.68,0.73,1,376361,"
"
1.84,83.65,-0.59,0.81,1,376437,"
"
1.8,99.45,-0.59,0.8,0.99,376804,"
"
2.14,100.07,-0.62,0.77,0.98,376880,"
"
2.35,94.15,-0.64,0.75,0.97,376955,"
"
2.53,82.25,-0.63,0.77,0.99,377030,"
"
2.92,79.99,-0.61,0.8,1.01,377105,"
"
3.62,79.52,-0.6,0.8,1.01,377180,"
"
3.83,80.97,-0.59,0.82,1.02,377255,"
"
3.87,82.78,-0.58,0.82,1.01,377330,"
"
3.9,83.11,-0.58,0.82,1.02,377405,"
"
3.87,83.46,-0.57,0.83,1.02,377480,"
"
3.88,82.7,-0.58,0.83,1.02,377555,"
"
3.89,82.46,-0.57,0.84,1.03,377630,"
"
3.83,83.11,-0.56,0.85,1.04,377705,"
"
3.79,84,-0.56,0.86,1.06,377779,"
"
3.83,83.33,-0.56,0.87,1.07,377854,"
"
3.83,82.44,-0.55,0.88,1.07,377929,"
"
3.8,84.21,-0.51,0.92,1.11,378004,"
"
3.73,85.97,-0.5,0.95,1.15,378079,"
"
3.81,85.24,-0.51,0.93,1.12,378154,"
"
3.86,86,-0.52,0.93,1.13,378229,"
"
3.86,86.38,-0.54,0.91,1.12,378304,"
"
3.85,87.12,-0.52,0.93,1.14,378379,"
"
3.84,86.41,-0.54,0.91,1.12,378454,"
"
3.83,86.98,-0.53,0.92,1.13,378529,"
"
3.82,87.98,-0.51,0.94,1.14,378604,"
"
3.85,87.77,-0.51,0.93,1.13,378679,"
"
3.85,87.53,-0.51,0.93,1.13,378754,"
"
3.81,87.39,-0.5,0.93,1.12,378829,"
"
3.85,88.02,-0.49,0.96,1.16,378955,"
"
3.83,87.3,-0.49,0.95,1.14,379030,"
"
3.82,86.31,-0.51,0.95,1.18,379105,"
"
3.86,87.26,-0.51,0.97,1.21,379180,"
"
3.85,87,-0.54,0.94,1.17,379255,"
"
3.86,86.79,-0.54,0.91,1.12,379330,"
"
3.88,86.22,-0.56,0.89,1.1,379405,"
"
3.87,86.34,-0.57,0.87,1.08,379480,"
"
3.88,86.82,-0.58,0.86,1.07,379555,"
"
3.89,86.57,-0.58,0.87,1.09,379630,"
"
3.83,86.93,-0.58,0.87,1.09,379705,"
"
3.79,88.13,-0.57,0.86,1.07,379780,"
"
3.81,86.78,-0.55,0.88,1.07,379855,"
"
3.82,87.48,-0.53,0.9,1.09,379930,"
"
3.82,86.51,-0.53,0.9,1.09,380004,"
"
3.85,87.48,-0.52,0.92,1.11,380079,"
"
3.81,87.37,-0.53,0.9,1.09,380154,"
"
3.75,86.45,-0.53,0.9,1.09,380228,"
"
3.69,87.38,-0.52,0.92,1.12,380302,"
"
3.77,86.89,-0.53,0.92,1.13,380377,"
"
3.7,86.49,-0.54,0.88,1.07,380451,"
"
3.67,87.19,-0.55,0.88,1.06,380526,"
"
3.73,86.7,-0.55,0.87,1.06,380601,"
"
3.66,87.31,-0.56,0.85,1.03,380675,"
"
3.61,88.46,-0.56,0.84,1.03,380750,"
"
3.66,88.85,-0.56,0.86,1.05,380825,"
"
3.65,89.98,-0.55,0.89,1.09,380899,"
"
3.66,90.33,-0.53,0.91,1.11,380974,"
"
3.68,90.33,-0.52,0.92,1.12,381049,"
"
3.65,89.75,-0.54,0.92,1.13,381124,"
"
3.65,90.53,-0.56,0.9,1.12,381199,"
"
3.71,90.09,-0.55,0.9,1.12,381273,"
"
3.8,88.62,-0.53,0.92,1.12,381348,"
"
3.76,89.1,-0.53,0.93,1.14,381423,"
"
3.74,88.79,-0.52,0.94,1.15,381497,"
"
3.7,88.33,-0.51,0.94,1.15,381572,"
"
3.68,87.84,-0.51,0.93,1.12,381647,"
"
3.69,87.77,-0.51,0.93,1.11,381721,"
"
3.67,87.61,-0.51,0.93,1.12,381796,"
"
3.67,87.66,-0.51,0.9,1.08,381870,"
"
3.67,86.56,-0.52,0.86,1.01,381945,"
"
3.73,84.12,-0.54,0.82,0.97,382020,"
"
3.84,80.72,-0.61,0.79,0.99,382095,"
"
3.9,78.65,-0.61,0.79,1,382170,"
"
3.57,77.23,-0.61,0.81,1.03,382246,"
"
3.05,79.65,-0.64,0.79,1.03,382321,"
"
2.77,80.21,-0.64,0.78,1.02,382396,"
"
2.57,80.52,-0.65,0.77,1.01,382472,"
"
2.48,77.48,-0.64,0.77,1,382547,"
"
2.12,78.7,-0.65,0.76,1,382623,"
"
2.08,76.09,-0.69,0.72,0.98,382699,"
"
1.96,77.57,-0.69,0.72,0.99,382775,"
"
1.86,75.63,-0.72,0.69,0.99,382851,"
"
1.97,75.85,-0.72,0.68,0.98,382927,"
"
1.91,80.38,-0.69,0.71,0.99,383002,"
"
1.89,82.51,-0.69,0.71,0.99,383078,"
"
1.84,82.71,-0.7,0.69,0.97,383153,"
"
1.85,80.7,-0.63,0.78,1.01,383229,"
"
1.91,78.33,-0.6,0.79,0.99,383305,"
"
1.92,77.16,-0.62,0.78,0.99,383380,"
"
1.86,84.18,-0.64,0.75,0.98,383455,"
"
1.88,80.04,-0.65,0.75,0.98,383531,"
"
1.87,83.42,-0.69,0.72,0.99,383606,"
"
1.87,80.21,-0.72,0.68,0.99,383681,"
"
1.92,82.74,-0.71,0.69,0.99,383757,"
"
1.87,86.78,-0.77,0.64,1,383832,"
"
1.89,88.07,-0.78,0.62,0.99,383908,"
"
1.94,81.9,-0.75,0.65,0.99,383984,"
"
1.96,67.04,-0.67,0.74,0.99,384060,"
"
1.91,61.21,-0.74,0.67,0.99,384136,"
"
1.81,74.74,-0.84,0.53,0.98,384430,"
"
1.82,68.79,-0.84,0.52,0.97,384505,"
"
1.83,70.72,-0.84,0.52,0.98,384581,"
"
1.79,80.24,-0.81,0.57,0.99,384657,"
"
1.78,83.08,-0.82,0.56,0.99,384878,"
"
2.89,125.43,-0.74,0.71,1.05,385026,"
"
2.29,119.64,-0.75,0.7,1.06,385102,"
"
2.44,118.32,-0.78,0.64,1.01,385177,"
"
2.09,114.81,-0.81,0.59,1.01,385253,"
"
1.81,108.75,-0.82,0.58,1.02,385329,"
"
1.8,101.63,-0.83,0.56,1.01,385405,"
"
1.75,82.96,-0.82,0.55,0.98,385480,"
"
1.75,73.56,-0.79,0.63,1.03,385556,"
"
1.82,71.18,-0.78,0.64,1.02,385632,"
"
1.85,71.73,-0.77,0.64,1,385708,"
"
1.76,71.07,-0.79,0.62,1.01,385783,"
"
1.81,72.91,-0.8,0.61,1.01,385859,"
"
1.87,72.34,-0.8,0.6,1,385934,"
"
1.82,76.4,-0.78,0.61,0.99,386010,"
"
1.79,68.17,-0.81,0.58,0.99,386086,"
"
1.75,64.49,-0.83,0.55,1,386162,"
"
1.74,66.04,-0.91,0.49,1.07,386382,"
"
1.77,67,-0.88,0.54,1.06,386458,"
"
1.89,69.73,-0.85,0.58,1.05,386533,"
"
2.05,71.15,-0.8,0.6,1,386609,"
"
2.24,77,-0.78,0.61,0.98,386684,"
"
2.43,78.76,-0.78,0.61,0.98,386760,"
"
3.05,77.97,-0.8,0.59,0.99,386835,"
"
3.86,77.66,-0.8,0.6,1,386910,"
"
3.95,78.08,-0.78,0.64,1.03,386985,"
"
3.95,79.08,-0.78,0.64,1.03,387060,"
"
3.83,79.32,-0.78,0.65,1.03,387134,"
"
3.79,78.01,-0.78,0.66,1.04,387209,"
"
3.73,76.46,-0.77,0.66,1.04,387283,"
"
3.67,76.08,-0.77,0.67,1.05,387358,"
"
3.64,76.43,-0.78,0.68,1.08,387432,"
"
3.58,76.21,-0.77,0.69,1.07,387507,"
"
3.63,75.21,-0.77,0.69,1.08,387581,"
"
3.72,73.86,-0.8,0.7,1.13,387656,"
"
3.58,74.4,-0.79,0.71,1.12,387731,"
"
3.64,74.4,-0.79,0.71,1.13,387805,"
"
3.73,73.26,-0.8,0.7,1.14,387880,"
"
3.84,74.11,-0.81,0.69,1.13,388006,"
"
3.84,73.59,-0.79,0.68,1.09,388081,"
"
3.78,75.1,-0.79,0.7,1.11,388156,"
"
3.8,75.94,-0.8,0.71,1.14,388231,"
"
3.77,75.46,-0.8,0.71,1.14,388306,"
"
3.78,75.13,-0.79,0.71,1.14,388380,"
"
3.76,76,-0.79,0.71,1.12,388456,"
"
3.77,75.67,-0.79,0.69,1.1,388530,"
"
3.75,75.51,-0.79,0.69,1.1,388605,"
"
3.76,75.73,-0.79,0.69,1.1,388680,"
"
3.74,75.83,-0.78,0.69,1.09,388755,"
"
3.77,77.08,-0.76,0.69,1.06,388830,"
"
3.83,78.79,-0.76,0.68,1.04,388905,"
"
3.82,77.51,-0.76,0.68,1.05,388980,"
"
3.81,78.09,-0.76,0.69,1.06,389055,"
"
3.82,79,-0.77,0.7,1.08,389130,"
"
3.74,77.73,-0.77,0.7,1.09,389205,"
"
3.61,78.45,-0.77,0.71,1.11,389280,"
"
3.66,77.02,-0.78,0.73,1.13,389355,"
"
3.65,75.26,-0.79,0.74,1.16,389430,"
"
3.65,74.37,-0.79,0.74,1.17,389505,"
"
3.7,74.3,-0.79,0.73,1.16,389580,"
"
3.65,73.44,-0.78,0.74,1.16,389655,"
"
3.63,72.92,-0.78,0.74,1.16,389730,"
"
3.63,73.98,-0.77,0.75,1.15,389804,"
"
3.66,75.89,-0.77,0.75,1.15,389879,"
"
3.81,76.36,-0.77,0.76,1.17,389954,"
"
3.79,76.32,-0.78,0.76,1.17,390029,"
"
3.76,75.9,-0.77,0.76,1.17,390104,"
"
3.76,76.77,-0.77,0.74,1.15,390179,"
"
3.72,75.28,-0.76,0.76,1.17,390254,"
"
3.67,74.42,-0.77,0.78,1.2,390329,"
"
3.65,76.14,-0.78,0.75,1.17,390403,"
"
3.7,74.92,-0.78,0.75,1.17,390478,"
"
3.71,75.23,-0.78,0.75,1.17,390553,"
"
3.73,75.18,-0.8,0.73,1.17,390627,"
"
3.77,74.84,-0.81,0.72,1.18,390702,"
"
3.84,74.66,-0.81,0.71,1.16,390777,"
"
3.91,75.39,-0.81,0.71,1.16,390852,"
"
3.78,75.45,-0.8,0.73,1.18,390927,"
"
3.65,75.62,-0.79,0.76,1.2,391002,"
"
3.6,75.14,-0.78,0.75,1.18,391077,"
"
3.63,75.9,-0.78,0.75,1.17,391151,"
"
3.58,75.18,-0.78,0.77,1.19,391226,"
"
3.54,75.63,-0.76,0.78,1.19,391300,"
"
3.59,75.8,-0.77,0.77,1.2,391375,"
"
3.62,76.53,-0.77,0.78,1.21,391450,"
"
3.65,77.06,-0.77,0.79,1.22,391525,"
"
3.62,77.56,-0.77,0.78,1.2,391600,"
"
3.65,77.09,-0.78,0.76,1.19,391675,"
"
3.74,77.51,-0.79,0.73,1.16,391750,"
"
3.83,77.86,-0.78,0.71,1.11,391825,"
"
3.93,78.89,-0.77,0.68,1.06,391900,"
"
3.91,76.24,-0.79,0.66,1.07,391976,"
"
3.93,74.97,-0.8,0.65,1.06,392051,"
"
3.88,77,-0.81,0.63,1.06,392127,"
"
3.73,77.94,-0.82,0.62,1.06,392202,"
"
3.35,75.64,-0.84,0.58,1.04,392278,"
"
2.96,74.61,-0.84,0.58,1.03,392354,"
"
2.71,78.36,-0.84,0.55,1.02,392429,"
"
2.66,78.83,-0.84,0.55,1,392505,"
"
2.68,74.57,-0.83,0.57,1.01,392581,"
"
2.49,76.78,-0.85,0.53,1.01,392656,"
"
2.23,76.94,-0.85,0.53,1,392732,"
"
2.23,75.39,-0.85,0.52,0.99,392808,"
"
2.13,75.56,-0.86,0.5,1,392884,"
"
2.38,74.67,-0.87,0.49,0.99,392960,"
"
2.39,72.59,-0.84,0.53,1,393035,"
"
2.12,72.24,-0.83,0.54,0.98,393111,"
"
1.95,73.43,-0.83,0.54,0.98,393187,"
"
1.87,74.44,-0.84,0.53,0.99,393263,"
"
1.84,72.88,-0.87,0.49,1,393339,"
"
1.89,75.64,-0.88,0.47,1.01,393415,"
"
1.92,72.64,-0.87,0.5,1,393491,"
"
1.87,71.74,-0.86,0.52,1.01,393567,"
"
1.96,68.45,-0.85,0.54,1,393643,"
"
1.93,64.95,-0.82,0.57,1.01,393720,"
"
2.1,66.58,-0.81,0.58,1,393796,"
"
2.09,67.74,-0.82,0.57,1,393871,"
"
1.85,71.23,-0.84,0.54,0.99,393947,"
"
1.81,75.94,-0.87,0.5,1.01,394022,"
"
1.91,76.49,-0.85,0.52,1,394098,"
"
1.95,74.31,-0.86,0.51,1,394173,"
"
2.01,75.22,-0.85,0.54,1.01,394249,"
"
2.08,74.42,-0.87,0.5,1.01,394325,"
"
1.97,75.2,-0.89,0.48,1.03,394400,"
"
1.83,78.25,-0.92,0.46,1.05,394476,"
"
1.8,73.75,-0.89,0.5,1.04,394624,"
"
1.78,76.98,-0.9,0.48,1.03,394699,"
"
1.77,73.4,-0.89,0.51,1.04,394775,"
"
1.78,77.27,-0.86,0.53,1.01,394850,"
"
1.8,77.06,-0.83,0.55,1,394926,"
"
1.76,78.81,-0.85,0.53,1,395002,"
"
2.1,77.62,-0.85,0.53,0.99,395077,"
"
2.06,77.27,-0.87,0.49,0.99,395153,"
"
2.26,76.63,-0.86,0.49,0.99,395229,"
"
2.16,76.48,-0.87,0.49,0.99,395304,"
"
1.95,76.86,-0.88,0.48,1.01,395380,"
"
1.91,76.65,-0.88,0.49,1.01,395455,"
"
1.83,78.04,-0.91,0.46,1.03,395530,"
"
1.77,78.51,-0.91,0.46,1.03,395606,"
"
1.76,79.49,-0.9,0.47,1.03,395682,"
"
1.83,77.37,-0.89,0.47,1.01,395757,"
"
1.79,76.51,-0.87,0.52,1.03,395833,"
"
1.77,78.38,-0.9,0.44,1,396127,"
"
2.04,77.35,-0.9,0.44,1,396565,"
"
2.78,75.01,-0.89,0.44,0.99,396641,"
"
3.12,75.23,-0.89,0.44,0.99,396716,"
"
3.78,77.23,-0.88,0.46,0.99,396791,"
"
4.03,79.83,-0.9,0.45,1.01,396865,"
"
3.99,80.92,-0.9,0.45,1.02,396940,"
"
3.98,82.24,-0.91,0.44,1.03,397014,"
"
3.95,82.13,-0.91,0.44,1.02,397089,"
"
3.95,81.03,-0.92,0.44,1.04,397163,"
"
3.94,80.09,-0.93,0.44,1.06,397238,"
"
3.89,79.83,-0.91,0.46,1.04,397313,"
"
3.87,81.39,-0.9,0.48,1.04,397387,"
"
3.82,81.43,-0.9,0.47,1.03,397462,"
"
3.79,83.38,-0.91,0.45,1.03,397536,"
"
3.77,83.93,-0.91,0.46,1.03,397611,"
"
3.83,84.26,-0.92,0.45,1.04,397686,"
"
3.91,85.77,-0.94,0.42,1.05,397761,"
"
3.98,83.91,-0.94,0.41,1.06,397835,"
"
4.01,81.72,-0.95,0.41,1.07,397910,"
"
3.99,80.98,-0.94,0.43,1.07,397985,"
"
3.9,80.74,-0.92,0.45,1.06,398059,"
"
3.83,79.56,-0.93,0.46,1.07,398134,"
"
3.87,79.91,-0.92,0.47,1.06,398209,"
"
3.89,79.41,-0.93,0.46,1.08,398284,"
"
3.8,79.12,-0.93,0.44,1.07,398359,"
"
3.82,79.03,-0.93,0.46,1.08,398433,"
"
3.89,79.73,-0.94,0.45,1.09,398508,"
"
3.96,80.82,-0.95,0.43,1.08,398583,"
"
4.05,81.89,-0.95,0.42,1.08,398658,"
"
4.05,82.13,-0.96,0.4,1.08,398733,"
"
4,81.91,-0.96,0.39,1.07,398808,"
"
3.96,82.58,-0.96,0.39,1.08,398883,"
"
3.93,81.53,-0.97,0.37,1.07,398958,"
"
4.05,81.71,-0.98,0.35,1.08,399033,"
"
4.01,80.16,-0.98,0.35,1.08,399108,"
"
3.96,80.67,-0.97,0.38,1.09,399183,"
"
3.92,81.11,-0.98,0.38,1.1,399258,"
"
3.86,79.72,-0.99,0.39,1.12,399333,"
"
3.87,81.75,-0.98,0.39,1.11,399408,"
"
3.85,82.82,-0.96,0.4,1.09,399482,"
"
3.85,82.36,-0.96,0.4,1.09,399557,"
"
3.83,82.12,-0.97,0.39,1.08,399632,"
"
3.92,84.56,-0.98,0.35,1.08,399706,"
"
3.99,84.11,-0.97,0.37,1.08,399781,"
"
4.07,84.01,-0.98,0.37,1.1,399856,"
"
4.04,84.04,-0.99,0.38,1.12,399931,"
"
3.93,82.72,-0.98,0.39,1.12,400006,"
"
3.95,81.67,-0.98,0.39,1.12,400080,"
"
3.91,81.37,-0.99,0.39,1.13,400155,"
"
3.96,83.19,-1,0.37,1.13,400230,"
"
4.03,83.76,-1.01,0.37,1.15,400305,"
"
4.13,83.91,-1.01,0.35,1.15,400379,"
"
4.19,83.83,-1.02,0.34,1.15,400454,"
"
4.15,83.26,-1.02,0.33,1.14,400529,"
"
4.16,82.85,-1.01,0.32,1.12,400604,"
"
4.06,82.11,-1.01,0.33,1.12,400679,"
"
3.88,80.2,-0.98,0.38,1.11,400753,"
"
3.98,80.86,-0.98,0.35,1.08,400979,"
"
4.04,81.54,-0.99,0.35,1.1,401054,"
"
4.11,80.84,-0.99,0.36,1.11,401128,"
"
4.14,80.19,-1,0.34,1.12,401203,"
"
4.08,80.75,-1,0.36,1.12,401278,"
"
4.11,80.64,-1.01,0.34,1.13,401352,"
"
4.13,80.62,-1,0.36,1.13,401427,"
"
4.19,80.26,-1.01,0.34,1.13,401502,"
"
4.18,78.66,-0.99,0.36,1.1,401577,"
"
4.18,77.47,-0.98,0.36,1.09,401652,"
"
4.17,76.79,-0.97,0.37,1.07,401727,"
"
4.19,77.48,-0.96,0.36,1.04,401802,"
"
4.21,77.81,-0.94,0.36,1.01,401877,"
"
4.07,79.82,-0.92,0.38,0.99,401952,"
"
3.72,76.7,-0.92,0.4,1,402027,"
"
3.38,75.3,-0.92,0.4,1,402103,"
"
3.26,75.92,-0.91,0.41,1,402178,"
"
3.24,73.56,-0.91,0.42,1.01,402254,"
"
3.22,73.15,-0.91,0.42,1.01,402329,"
"
3.02,71.37,-0.91,0.43,1.02,402405,"
"
2.7,70.3,-0.91,0.43,1.02,402480,"
"
2.7,72.04,-0.91,0.42,1.01,402556,"
"
2.71,69.93,-0.9,0.43,1,402632,"
"
2.33,71.99,-0.91,0.41,0.99,402708,"
"
2.23,73.45,-0.91,0.39,0.99,402784,"
"
2.09,71.85,-0.91,0.4,0.98,402932,"
"
2.21,72.36,-0.9,0.41,0.98,403008,"
"
2.28,76.28,-0.9,0.42,0.99,403084,"
"
2.31,74.8,-0.91,0.42,1,403160,"
"
2.27,77.27,-0.91,0.41,0.99,403235,"
"
2.17,76.18,-0.91,0.39,0.98,403310,"
"
2.06,79.14,-0.92,0.38,0.99,403386,"
"
2.09,80.4,-0.91,0.39,0.98,403461,"
"
2.04,77.14,-0.91,0.4,0.99,403537,"
"
1.82,76.3,-0.93,0.36,1,403612,"
"
1.99,76.09,-0.92,0.39,1,403688,"
"
2.32,75.08,-0.92,0.4,1.01,403763,"
"
2.57,76.51,-0.92,0.42,1.01,403839,"
"
2.37,77.19,-0.92,0.4,1,403914,"
"
2.08,72.41,-0.93,0.39,1.01,403989,"
"
2.01,67.73,-0.93,0.39,1.01,404064,"
"
2.01,61.05,-0.92,0.42,1.03,404140,"
"
2.06,63.24,-0.93,0.37,1,404216,"
"
2.21,64.46,-0.93,0.37,1.01,404291,"
"
2.33,68.1,-0.92,0.37,0.99,404367,"
"
2.47,68.27,-0.92,0.38,0.99,404442,"
"
2.07,68.02,-0.95,0.29,0.98,404518,"
"
2,69.63,-0.94,0.28,0.97,404739,"
"
1.81,72.32,-0.94,0.31,0.98,404815,"
"
2,72.83,-0.92,0.39,1.01,404891,"
"
1.88,71.5,-0.93,0.36,1,404966,"
"
1.91,71.48,-0.93,0.36,0.99,405042,"
"
2.1,72.43,-0.9,0.42,0.98,405117,"
"
2.09,72.27,-0.91,0.41,0.99,405193,"
"
2.08,74.43,-0.92,0.4,1.01,405268,"
"
2.24,77.01,-0.92,0.4,1,405344,"
"
2.6,76.14,-0.92,0.38,1,405419,"
"
2.17,75.15,-0.93,0.38,1.02,405494,"
"
2,75.47,-0.93,0.38,1.01,405570,"
"
1.84,74.62,-0.95,0.38,1.04,405645,"
"
2.15,73.68,-0.96,0.31,1.02,405721,"
"
2.6,74.21,-0.95,0.32,1.01,405796,"
"
2.66,74.25,-0.95,0.32,1,405872,"
"
2.25,72.89,-0.97,0.26,1,405947,"
"
2.33,72.5,-0.96,0.26,0.99,406023,"
"
2.14,70.48,-0.96,0.3,1.01,406098,"
"
1.94,69.83,-0.98,0.28,1.03,406174,"
"
2.34,72.63,-0.97,0.23,1,406250,"
"
2.38,75,-0.97,0.25,1,406326,"
"
2.67,75,-0.98,0.23,1,406401,"
"
3.24,77.04,-0.96,0.27,0.99,406477,"
"
4.02,76.94,-0.97,0.24,0.99,406625,"
"
4.15,77.81,-0.99,0.22,1.03,406700,"
"
4.16,78.88,-1,0.2,1.04,406775,"
"
4.19,78.24,-1.02,0.18,1.06,406850,"
"
4.23,78.62,-1.02,0.17,1.08,406925,"
"
4.17,78.78,-1.03,0.17,1.09,406999,"
"
4.14,79.95,-1.04,0.16,1.1,407074,"
"
4.17,80.78,-1.05,0.15,1.12,407149,"
"
4.12,81.23,-1.04,0.14,1.11,407223,"
"
4.08,80.68,-1.05,0.14,1.12,407298,"
"
4.08,81.13,-1.05,0.15,1.12,407372,"
"
4.09,80.77,-1.06,0.15,1.14,407447,"
"
4.1,81.07,-1.05,0.15,1.13,407521,"
"
4.11,80.77,-1.05,0.15,1.13,407596,"
"
4.12,79.37,-1.06,0.15,1.14,407671,"
"
4.05,79.96,-1.05,0.14,1.13,407745,"
"
4.07,78.73,-1.06,0.15,1.14,407820,"
"
4.11,79.43,-1.06,0.15,1.14,407895,"
"
4.06,79.6,-1.06,0.15,1.14,407970,"
"
4.05,80.17,-1.07,0.15,1.16,408044,"
"
3.99,80.77,-1.06,0.15,1.15,408119,"
"
4.02,80.47,-1.07,0.15,1.16,408193,"
"
4.11,80.06,-1.07,0.14,1.17,408268,"
"
4.13,80.26,-1.08,0.13,1.17,408343,"
"
4.09,80.3,-1.07,0.13,1.16,408417,"
"
4.2,78.38,-1.07,0.14,1.16,408492,"
"
4.24,77.67,-1.07,0.15,1.17,408567,"
"
4.36,77.1,-1.08,0.14,1.18,408642,"
"
4.41,77.04,-1.08,0.14,1.19,408717,"
"
4.44,77.36,-1.08,0.13,1.18,408792,"
"
4.45,78.74,-1.08,0.12,1.18,408867,"
"
4.41,79.85,-1.08,0.12,1.18,408941,"
"
4.35,79.74,-1.07,0.12,1.16,409016,"
"
4.35,80.29,-1.07,0.13,1.17,409091,"
"
4.28,80.86,-1.07,0.13,1.17,409165,"
"
4.14,80.9,-1.06,0.15,1.15,409240,"
"
4.11,79.61,-1.07,0.15,1.17,409315,"
"
4.04,81.29,-1.07,0.15,1.17,409389,"
"
4.05,80.81,-1.07,0.14,1.16,409464,"
"
4.08,80.01,-1.07,0.15,1.17,409539,"
"
4.07,79.36,-1.08,0.16,1.19,409614,"
"
4.02,79.76,-1.08,0.16,1.19,409689,"
"
4.1,79.29,-1.08,0.14,1.18,409763,"
"
4.16,78.55,-1.07,0.13,1.16,409838,"
"
4.19,79.86,-1.06,0.13,1.15,409913,"
"
4.21,80.28,-1.07,0.14,1.16,409987,"
"
4.1,81.49,-1.06,0.14,1.14,410062,"
"
4.21,81.95,-1.06,0.14,1.13,410137,"
"
4.23,81.56,-1.06,0.13,1.14,410211,"
"
4.23,81.93,-1.06,0.14,1.14,410286,"
"
4.23,81.49,-1.06,0.14,1.15,410361,"
"
4.28,80.14,-1.07,0.14,1.16,410435,"
"
4.24,78.62,-1.06,0.16,1.16,410510,"
"
4.24,78.26,-1.06,0.16,1.16,410585,"
"
4.24,78.18,-1.06,0.16,1.15,410660,"
"
4.19,77.95,-1.06,0.17,1.15,410735,"
"
4.19,78.06,-1.07,0.16,1.17,410810,"
"
4.19,78.48,-1.08,0.16,1.19,410884,"
"
4.22,77.94,-1.09,0.16,1.2,410960,"
"
4.18,78.54,-1.08,0.16,1.2,411035,"
"
4.11,78.4,-1.08,0.16,1.2,411110,"
"
4.13,78.01,-1.08,0.15,1.2,411185,"
"
4.15,77.98,-1.09,0.15,1.21,411260,"
"
4.16,77.86,-1.09,0.15,1.2,411335,"
"
4.17,78.26,-1.07,0.15,1.16,411410,"
"
4.2,78.73,-1.05,0.15,1.12,411485,"
"
4.22,79.17,-1.03,0.15,1.09,411560,"
"
4.18,79.05,-1.01,0.14,1.05,411635,"
"
4.1,78.05,-1,0.14,1.02,411711,"
"
4.08,77.26,-1,0.14,1.01,411786,"
"
3.99,76.99,-0.99,0.15,0.99,411862,"
"
3.85,75.98,-0.98,0.17,0.98,411937,"
"
3.67,77.35,-0.97,0.21,0.99,412012,"
"
3.52,76.63,-0.98,0.19,0.99,412088,"
"
3.38,75.28,-0.97,0.21,0.98,412163,"
"
3.44,76.93,-0.96,0.22,0.98,412239,"
"
3.34,76.64,-0.97,0.21,0.97,412314,"
"
3.07,74.75,-0.96,0.21,0.97,412535,"
"
2.6,76.04,-0.97,0.18,0.97,413045,"
"
2.67,77.67,-0.98,0.19,1,413366,"
"
2.6,81.7,-0.97,0.24,1,413441,"
"
2.47,82.04,-0.94,0.33,1,413517,"
"
2.4,83.35,-0.97,0.25,1.01,413593,"
"
2.39,78.62,-0.98,0.21,1,413668,"
"
2.19,77.41,-0.98,0.21,1,413744,"
"
2.36,77.17,-0.98,0.2,1,413819,"
"
2.48,77.34,-0.97,0.2,0.98,413894,"
"
2.79,77.7,-0.97,0.18,0.97,413970,"
"
2.69,80.73,-0.96,0.26,0.99,414117,"
"
2.71,80.48,-0.97,0.25,1,414192,"
"
2.34,81.33,-0.99,0.22,1.02,414268,"
"
2,79.88,-0.99,0.2,1.03,414343,"
"
2.19,80.48,-0.98,0.25,1.01,414418,"
"
2.38,80.42,-0.98,0.22,1.01,414493,"
"
2.4,79.64,-0.97,0.25,1,414569,"
"
2.23,77.51,-0.96,0.28,1,414644,"
"
2.18,78.45,-0.96,0.3,1.01,414719,"
"
2.27,80.26,-0.96,0.29,1.01,414794,"
"
2.41,80.72,-0.98,0.21,1.01,414869,"
"
2.49,79.84,-0.99,0.11,1,414944,"
"
2.42,79.32,-1,0.11,1.01,415020,"
"
2.65,77.69,-1,0.12,1.01,415095,"
"
2.32,77.01,-1,0.06,1.01,415170,"
"
2.11,76.59,-1,0.02,1,415245,"
"
2.02,77.52,-1,-0.01,1,415320,"
"
2.17,80.64,-1,0.02,1,415395,"
"
1.96,79.35,-1,0.07,1,415471,"
"
2.16,79.65,-0.99,0.12,1,415546,"
"
2.41,76.12,-0.98,0.22,1.02,415621,"
"
2.42,73.57,-0.98,0.27,1.04,415697,"
"
2.15,75.2,-0.99,0.19,1.02,415772,"
"
1.96,71.27,-0.98,0.21,1.01,415848,"
"
1.93,73.5,-0.98,0.26,1.03,415923,"
"
2.03,74.13,-0.97,0.28,1.03,415998,"
"
2.18,73.2,-1,0.17,1.03,416074,"
"
2.21,71.74,-0.99,0.21,1.03,416149,"
"
2.33,72.73,-0.99,0.19,1.02,416225,"
"
2.58,71.89,-0.99,0.17,1.01,416300,"
"
2.88,74.46,-0.98,0.16,0.99,416376,"
"
3.39,76.61,-0.98,0.16,0.99,416451,"
"
3.65,75.63,-0.99,0.12,0.99,416527,"
"
3.86,76.59,-1.01,0.1,1.03,416602,"
"
3.98,79.99,-1.01,0.07,1.03,416677,"
"
4.08,78.38,-1.02,0.02,1.04,416752,"
"
4.13,76.73,-1.04,0,1.08,416827,"
"
4.12,76.92,-1.05,-0.02,1.1,416902,"
"
4.12,77.65,-1.07,-0.04,1.15,416977,"
"
4.15,78.9,-1.08,-0.06,1.18,417053,"
"
4.13,79.15,-1.09,-0.08,1.2,417128,"
"
4.12,77.97,-1.09,-0.08,1.19,417203,"
"
4.11,79.82,-1.1,-0.13,1.23,417277,"
"
4.11,81.08,-1.09,-0.14,1.22,417352,"
"
4.15,80.46,-1.09,-0.11,1.21,417427,"
"
4.2,78.44,-1.11,-0.07,1.23,417502,"
"
4.2,78.93,-1.11,-0.05,1.24,417577,"
"
4.22,78.52,-1.11,-0.04,1.23,417652,"
"
4.21,80.3,-1.11,-0.07,1.23,417726,"
"
4.16,83.71,-1.1,-0.12,1.23,417801,"
"
4.13,85.14,-1.1,-0.11,1.22,417876,"
"
4.17,83.41,-1.11,-0.08,1.24,417951,"
"
4.2,82.39,-1.11,-0.1,1.25,418026,"
"
4.19,80.64,-1.13,-0.11,1.29,418101,"
"
4.22,79.85,-1.15,-0.1,1.33,418176,"
"
4.28,81.12,-1.12,-0.1,1.27,418250,"
"
4.34,80.99,-1.13,-0.09,1.28,418325,"
"
4.33,81.93,-1.14,-0.08,1.3,418400,"
"
4.34,83.11,-1.15,-0.09,1.32,418475,"
"
4.35,82.23,-1.12,-0.09,1.27,418550,"
"
4.33,82.85,-1.11,-0.07,1.24,418624,"
"
4.29,82.05,-1.11,-0.05,1.24,418699,"
"
4.23,82.5,-1.12,-0.05,1.25,418774,"
"
4.23,83.13,-1.11,-0.05,1.24,418848,"
"
4.22,84.41,-1.11,-0.08,1.23,418923,"
"
4.24,83.43,-1.13,-0.09,1.28,418998,"
"
4.23,82.87,-1.12,-0.11,1.27,419073,"
"
4.23,81.22,-1.12,-0.12,1.28,419148,"
"
4.26,80.79,-1.13,-0.11,1.29,419223,"
"
4.25,80.71,-1.13,-0.13,1.3,419298,"
"
4.24,81.1,-1.13,-0.14,1.29,419373,"
"
4.19,81.83,-1.13,-0.11,1.29,419448,"
"
4.22,83.25,-1.13,-0.09,1.28,419523,"
"
4.22,82.4,-1.13,-0.1,1.28,419598,"
"
4.2,82.23,-1.13,-0.1,1.28,419673,"
"
4.22,83.6,-1.11,-0.1,1.24,419748,"
"
4.23,83.79,-1.11,-0.09,1.24,419823,"
"
4.26,83.35,-1.12,-0.09,1.25,419897,"
"
4.23,82.35,-1.12,-0.07,1.27,419972,"
"
4.2,81.73,-1.12,-0.08,1.26,420047,"
"
4.25,80.78,-1.12,-0.05,1.26,420122,"
"
4.22,81.06,-1.12,-0.04,1.25,420197,"
"
4.18,80.85,-1.11,-0.06,1.24,420272,"
"
4.17,79.22,-1.13,-0.07,1.28,420348,"
"
4.16,78.97,-1.12,-0.05,1.26,420423,"
"
4.15,79.38,-1.13,-0.08,1.28,420498,"
"
4.14,78.39,-1.14,-0.1,1.32,420573,"
"
4.19,79.61,-1.14,-0.15,1.31,420648,"
"
4.23,80.87,-1.12,-0.15,1.27,420723,"
"
4.19,80.71,-1.11,-0.14,1.26,420798,"
"
4.17,79.69,-1.11,-0.13,1.24,420872,"
"
4.18,80.44,-1.12,-0.13,1.27,420947,"
"
4.17,80.61,-1.12,-0.14,1.28,421022,"
"
4.19,80.99,-1.13,-0.13,1.3,421097,"
"
4.23,81.8,-1.14,-0.12,1.32,421172,"
"
4.19,83.05,-1.13,-0.14,1.29,421247,"
"
4.16,82.21,-1.1,-0.12,1.23,421322,"
"
4.09,81.23,-1.06,-0.1,1.14,421398,"
"
4.02,79.06,-1.03,-0.09,1.06,421473,"
"
3.98,78.86,-1,-0.07,1.01,421548,"
"
3.98,77.41,-0.99,-0.03,0.99,421624,"
"
3.76,77.62,-0.99,0,0.98,421699,"
"
2.59,77.67,-0.98,0.09,0.97,422283,"
"
2.52,77.79,-1,0.08,1,422578,"
"
2.54,74.73,-1,0.05,1,422654,"
"
2.58,73.64,-0.99,0.06,0.99,422730,"
"
2.48,73.53,-0.99,0.05,0.98,422806,"
"
2.41,73.19,-0.99,0.05,0.99,422882,"
"
2.38,74.17,-0.99,0.07,0.98,422957,"
"
2.35,74.8,-0.98,-0.16,0.99,423469,"
"
2.56,76.65,-0.98,-0.13,0.97,423544,"
"
2.69,79.65,-0.98,0.11,0.98,424787,"
"
2.62,82.28,-0.99,0.08,0.98,424863,"
"
2.6,80.92,-0.98,0.1,0.97,424939,"
"
2.52,78.37,-0.99,0.02,0.97,425160,"
"
2.57,79.96,-0.99,0.07,0.98,425236,"
"
2.44,80.3,-0.99,0.05,0.98,425312,"
"
2.56,72.26,-0.99,-0.11,0.99,425605,"
"
2.44,73.54,-0.99,-0.12,1,425681,"
"
2.36,73.16,-0.99,-0.15,1,425756,"
"
2.45,70.82,-0.99,-0.12,1,425832,"
"
2.43,69.06,-1,-0.08,1,425907,"
"
2.51,73.18,-0.99,-0.03,0.99,425983,"
"
2.45,74.58,-0.99,-0.02,0.97,426204,"
"
2.4,73.5,-0.99,-0.06,0.98,426280,"
"
2.36,74.12,-0.99,-0.08,0.98,426356,"
"
2.18,72.43,-0.98,-0.12,0.98,426431,"
"
1.99,71.52,-0.98,-0.21,1.01,426507,"
"
1.99,74.45,-0.99,-0.18,1.01,426582,"
"
1.96,79.9,-0.98,-0.16,0.98,426658,"
"
1.95,86.36,-0.99,-0.05,0.99,426733,"
"
1.95,80.97,-0.99,-0.09,1,426809,"
"
1.98,77.55,-0.98,-0.15,0.99,426885,"
"
1.96,79.08,-0.98,-0.1,0.98,426961,"
"
2,82.03,-0.99,-0.07,0.98,427037,"
"
2.05,81.88,-0.98,-0.11,0.98,427112,"
"
2.18,80.25,-0.99,-0.15,1.01,427188,"
"
2.17,81.47,-1,-0.16,1.02,427264,"
"
1.97,81.18,-1,-0.14,1.02,427339,"
"
2.05,76.29,-1,-0.1,1.01,427415,"
"
2.26,76.13,-0.99,-0.02,0.98,427491,"
"
2.24,77.83,-0.99,-0.03,0.97,427567,"
"
2.44,75.57,-0.99,0.01,0.98,427861,"
"
2.39,73.92,-0.99,0.01,0.97,427938,"
"
2.17,76.69,-0.99,-0.05,0.98,428013,"
"
1.96,78.09,-0.99,-0.07,0.98,428089,"
"
1.96,86.48,-0.99,-0.05,0.99,428165,"
"
2.15,87.67,-0.99,-0.03,0.98,428241,"
"
2.1,93.6,-0.99,-0.05,0.98,428389,"
"
2,88.68,-0.99,-0.05,0.99,428465,"
"
1.98,85.87,-1,-0.11,1.02,428540,"
"
1.74,75.37,-1.02,-0.1,1.04,428616,"
"
1.88,79.98,-1,-0.08,1,428691,"
"
1.95,79.33,-0.99,-0.06,0.98,428766,"
"
2.03,75.69,-0.99,-0.08,0.99,428842,"
"
2.11,72.9,-0.98,-0.11,0.98,428990,"
"
2.08,72.44,-0.99,-0.1,1,429065,"
"
2.11,73,-1.01,-0.03,1.01,429141,"
"
2.28,72.02,-1,-0.06,1,429216,"
"
2.35,75.87,-1,-0.02,1,429291,"
"
2.36,78.96,-0.99,-0.07,0.99,429367,"
"
2.22,79.62,-0.99,-0.06,0.98,429442,"
"
2.17,78.84,-0.99,-0.09,0.99,429518,"
"
2.12,81.07,-1,-0.05,0.99,429593,"
"
2.08,78.56,-1,-0.07,1,429668,"
"
2.05,78.75,-1,-0.03,1.01,429743,"
"
2,79.43,-1.01,-0.03,1.02,429818,"
"
2.03,80.49,-1.01,-0.06,1.03,429893,"
"
2.1,85.6,-1.01,-0.09,1.03,429968,"
"
2.14,88.71,-1.01,-0.1,1.02,430044,"
"
2.13,91.5,-1.01,-0.14,1.03,430120,"
"
2.2,92.01,-1,-0.13,1.02,430195,"
"
2.19,91.31,-1.01,-0.09,1.02,430271,"
"
2.29,93.35,-1,-0.1,1.01,430347,"
"
2.43,90.22,-1,-0.08,1.01,430422,"
"
2.45,91.86,-1,-0.12,1.01,430498,"
"
2.48,89.5,-1,-0.11,1.01,430574,"
"
2.38,84.41,-1,-0.14,1.02,430649,"
"
2.42,84.83,-1,-0.16,1.02,430725,"
"
2.37,82.15,-0.99,-0.17,1.02,430800,"
"
2.3,75.63,-1,-0.18,1.04,430876,"
"
2.33,71.78,-0.99,-0.19,1.02,430951,"
"
2.37,70.73,-0.98,-0.19,1,431027,"
"
2.37,71.79,-0.98,-0.17,0.99,431102,"
"
2.29,74.74,-1,-0.13,1.02,431177,"
"
2.41,77.47,-0.99,-0.14,1.01,431253,"
"
2.39,75.13,-0.98,-0.19,1,431328,"
"
2.38,74.56,-0.98,-0.2,1,431403,"
"
2.4,74.45,-0.98,-0.21,1.01,431479,"
"
2.33,73.03,-0.98,-0.22,1.01,431554,"
"
2.25,73.63,-0.99,-0.21,1.03,431629,"
"
2.28,74.93,-0.99,-0.21,1.02,431705,"
"
2.41,75.96,-0.98,-0.22,1.02,431780,"
"
2.46,79,-0.98,-0.2,1.01,431855,"
"
2.01,76.21,-0.99,-0.18,1.01,431981,"
"
2.03,75.44,-0.99,-0.17,1,432056,"
"
2,75.83,-0.98,-0.21,1.01,432132,"
"
1.9,76.64,-0.99,-0.23,1.02,432207,"
"
1.85,80.86,-0.96,-0.24,0.99,432282,"
"
1.88,84.71,-0.97,-0.2,0.99,432357,"
"
1.97,83.38,-1,-0.17,1.02,432433,"
"
1.95,79.42,-1,-0.18,1.04,432508,"
"
2.02,80.34,-1,-0.18,1.03,432583,"
"
2.09,79.7,-0.99,-0.2,1.01,432659,"
"
2.14,75.7,-0.99,-0.2,1.02,432734,"
"
2.16,80.85,-1,-0.18,1.03,432809,"
"
2.16,80.87,-0.99,-0.18,1.01,432884,"
"
2.05,79.33,-0.99,-0.2,1.03,432960,"
"
2.05,79.92,-1.01,-0.18,1.05,433035,"
"
2.01,83.37,-1,-0.23,1.04,433111,"
"
2.18,86.48,-1,-0.21,1.04,433186,"
"
2.2,85.91,-1,-0.21,1.05,433262,"
"
2.13,82.06,-1,-0.2,1.04,433337,"
"
2.01,82.35,-1,-0.21,1.03,433412,"
"
2,78.85,-0.99,-0.29,1.06,433488,"
"
1.96,78,-0.99,-0.31,1.09,433563,"
"
1.88,75.29,-1.01,-0.27,1.09,433639,"
"
1.84,74.87,-1.02,-0.27,1.12,433714,"
"
1.81,75.77,-1.01,-0.3,1.11,433789,"
"
1.8,73.48,-1.01,-0.29,1.1,433865,"
"
1.83,83.44,-1,-0.25,1.07,433940,"
"
1.79,84.86,-0.99,-0.27,1.05,434015,"
"
1.87,80.75,-1,-0.27,1.07,434090,"
"
1.88,83.3,-0.96,-0.32,1.02,434165,"
"
1.91,74.76,-0.99,-0.26,1.05,434241,"
"
1.83,77.38,-0.9,-0.45,1.02,434316,"
"
2.03,69.04,-0.97,-0.3,1.04,434391,"
"
2.16,70.91,-0.97,-0.25,1.01,434466,"
"
2.12,76.6,-0.98,-0.22,1.01,434542,"
"
2.08,80.41,-0.98,-0.2,1.01,434617,"
"
2.07,75.03,-1,-0.16,1.02,434692,"
"
2.19,77.05,-1.01,-0.13,1.03,434767,"
"
2.11,73.03,-1,-0.12,1.02,434843,"
"
2.23,68.06,-0.99,-0.13,1,434918,"
"
2.16,67.48,-0.98,-0.12,0.98,434994,"
"
2.05,67.43,-0.99,-0.11,0.99,435069,"
"
1.9,62.25,-0.98,-0.14,0.99,435144,"
"
1.91,57.15,-0.99,-0.17,1.01,435220,"
"
1.76,57.23,-1,-0.21,1.03,435296,"
"
1.77,78.73,-0.99,-0.09,0.99,435517,"
"
2.18,84.97,-0.99,-0.09,0.99,435592,"
"
2.28,88.42,-0.99,-0.06,0.98,435668,"
"
2.5,87.09,-0.99,-0.05,0.99,435743,"
"
2.4,86.11,-0.99,-0.06,0.98,435819,"
"
2.48,88.7,-0.98,-0.05,0.97,435894,"
"
2.45,85.54,-0.99,-0.07,0.99,435970,"
"
2.39,83.83,-0.99,-0.05,0.99,436045,"
"
2.29,79.15,-0.99,-0.04,0.98,436121,"
"
2.17,82.14,-0.99,-0.02,0.98,436196,"
"
2.03,83.38,-0.99,0.01,0.98,436271,"
"
1.88,78.52,-0.99,0,0.99,436347,"
"
1.83,82.17,-1,-0.01,1,436422,"
"
1.84,85.28,-1,0.02,0.99,436497,"
"
1.84,79.34,-1,-0.04,1,436573,"
"
1.92,74.52,-0.98,-0.16,0.99,436648,"
"
1.97,71.37,-0.97,-0.23,1,436723,"
"
2.05,68.12,-0.96,-0.26,0.98,436798,"
"
2.07,69.27,-0.97,-0.23,0.99,436874,"
"
1.89,70.02,-0.97,-0.21,0.98,436950,"
"
1.95,71.58,-0.97,-0.26,1.01,437025,"
"
1.93,68.62,-0.97,-0.27,1.01,437101,"
"
1.88,68.71,-0.96,-0.26,1,437177,"
"
1.88,65.71,-0.97,-0.27,1,437252,"
"
1.86,65.79,-0.98,-0.28,1.04,437328,"
"
1.86,67.93,-0.99,-0.26,1.04,437403,"
"
2.12,72.68,-0.99,-0.19,1.01,437479,"
"
2.36,78.69,-0.99,-0.15,0.99,437554,"
"
2.2,77.89,-0.99,-0.16,1,437629,"
"
2.38,78.28,-0.99,-0.17,1.01,437704,"
"
2.4,81.62,-0.99,-0.16,1.01,437780,"
"
2.41,82.92,-0.98,-0.17,0.99,437855,"
"
2.34,85.67,-0.98,-0.15,0.98,437931,"
"
2.27,86,-0.99,-0.12,0.99,438006,"
"
2.37,86.69,-0.99,-0.12,0.99,438082,"
"
2.31,86.23,-0.99,-0.11,0.99,438157,"
"
2.27,85.36,-1,-0.11,1,438233,"
"
2.12,85.68,-0.99,-0.1,0.99,438309,"
"
2.16,86.44,-1,-0.09,1.01,438385,"
"
2.04,84.22,-1,-0.08,1.01,438461,"
"
2.06,85.29,-1,-0.08,1.01,438536,"
"
2.02,84.41,-0.99,-0.11,1,438612,"
"
1.91,86.12,-0.99,-0.14,1,438687,"
"
1.9,86.03,-0.97,-0.21,0.99,438763,"
"
1.82,88.21,-0.96,-0.29,1,438838,"
"
1.75,86.64,-0.97,-0.23,0.99,438985,"
"
1.93,78.32,-0.96,-0.27,1,439060,"
"
1.83,83.37,-0.98,-0.22,1.01,439135,"
"
1.78,86.24,-0.99,-0.17,1,439211,"
"
1.81,85.09,-0.98,-0.21,1.01,439286,"
"
1.81,86.23,-0.99,-0.17,1.01,439361,"
"
1.78,89.51,-0.99,-0.13,1,439437,"
"
1.75,88.28,-0.99,-0.1,0.99,439512,"
"
1.78,86.04,-0.99,-0.11,0.99,439587,"
"
1.78,85.36,-0.99,-0.09,0.98,439662,"
"
1.9,89.61,-0.99,-0.03,0.98,439881,"
"
1.88,88.64,-0.99,-0.04,0.99,439956,"
"
1.86,88.22,-1.01,-0.07,1.02,440031,"
"
1.8,83.97,-1.02,-0.09,1.05,440179,"
"
1.85,82.04,-1.01,-0.08,1.03,440254,"
"
1.94,80.76,-1.01,-0.05,1.02,440329,"
"
1.95,80.48,-1,-0.13,1.02,440405,"
"
1.87,80.83,-0.99,-0.14,1.01,440480,"
"
1.86,84.91,-0.96,-0.25,0.98,440556,"
"
1.89,85.59,-0.98,-0.2,1,440631,"
"
1.81,79.82,-0.98,-0.22,1,440706,"
"
1.81,81.43,-0.98,-0.23,1.01,440782,"
"
1.79,81.37,-0.98,-0.23,1.01,440857,"
"
1.75,89.86,-0.99,-0.15,1,441077,"
"
1.76,92,-0.99,-0.16,1.01,441151,"
"
1.83,88.88,-0.98,-0.2,1.01,441298,"
"
1.93,88.84,-0.98,-0.23,1.02,441373,"
"
1.99,87.21,-1,-0.22,1.04,441449,"
"
1.99,84.77,-0.99,-0.22,1.02,441524,"
"
2.17,85.44,-0.97,-0.28,1.02,441600,"
"
2.04,78.47,-0.97,-0.32,1.04,441675,"
"
2,77.69,-0.99,-0.25,1.03,441751,"
"
2.05,80.79,-1,-0.18,1.04,441826,"
"
2.03,83.14,-1.01,-0.14,1.04,441902,"
"
2.09,83.82,-1,-0.16,1.03,441977,"
"
2.14,85.49,-1,-0.14,1.02,442052,"
"
2.12,86.81,-0.99,-0.13,1,442128,"
"
1.99,80.3,-1.01,-0.1,1.02,442203,"
"
2.03,80.94,-1.01,-0.06,1.02,442279,"
"
2.06,80.72,-1.02,0,1.04,442354,"
"
2.11,76.58,-1.01,-0.05,1.02,442430,"
"
2.1,80.7,-1.01,-0.05,1.02,442506,"
"
2.07,84.19,-1.01,-0.06,1.02,442582,"
"
2.36,77.18,-1,-0.09,1,442658,"
"
2.5,74.42,-0.99,-0.1,1,442733,"
"
2.65,72.98,-0.99,-0.11,1,442809,"
"
2.48,73.96,-0.99,-0.12,1,442885,"
"
2.33,75.69,-1,-0.11,1.02,442961,"
"
2.27,78.63,-0.99,-0.1,1,443037,"
"
2.2,78.02,-0.99,-0.1,1,443113,"
"
2.02,78.14,-1,-0.12,1.02,443189,"
"
2.22,78.61,-0.99,-0.11,1,443264,"
"
2.35,76.85,-0.99,-0.11,1,443340,"
"
2.44,78.83,-1,-0.05,1,443416,"
"
2.36,82.59,-1.01,0.03,1.02,443492,"
"
2.31,80.26,-1.01,-0.01,1.02,443567,"
"
2.2,79.67,-1.01,-0.01,1.03,443643,"
"
2.02,79.01,-1,-0.04,1.01,443719,"
"
