42,40,46,31,47,43,48,-6.65,-0.18,0,0,"2
"
40,40,51,31,47,43,48,-6.72,-0.18,0,0,"2
"
40,40,51,31,46,43,48,-6.78,-0.18,0,0,"2
"
40,40,46,31,46,40,42,-6.73,-0.18,0,0,"2
"
39,38,46,35,46,40,42,-6.61,-0.18,0,0,"2
"
39,38,46,35,45,39,42,-6.62,-0.18,0,0,"2
"
39,40,48,35,45,39,42,-6.64,-0.18,0,0,"2
"
41,40,48,35,44,39,42,-6.62,-0.18,0,0,"2
"
41,40,48,35,44,35,46,-6.64,-0.18,0,0,"2
"
42,44,50,30,44,35,46,-6.62,-0.18,0,0,"2
"
42,44,50,30,43,35,46,-6.67,-0.18,0,0,"2
"
42,42,50,30,43,44,46,-6.64,-0.18,0,0,"2
"
35,42,50,32,45,44,46,-6.69,-0.18,0,0,"2
"
35,42,50,32,45,42,44,-6.67,-0.18,0,0,"2
"
41,37,48,32,45,42,44,-6.53,-0.18,0,0,"2
"
41,37,48,30,45,42,44,-6.59,-0.18,0,0,"2
"
41,37,50,30,45,43,46,-6.60,-0.18,0,0,"2
"
39,42,50,30,44,43,46,-6.58,-0.18,0,0,"2
"
39,42,50,30,44,38,47,-6.58,-0.18,0,0,"2
"
39,38,45,30,44,38,47,-6.65,-0.18,0,0,"2
"
41,38,45,35,46,38,47,-6.64,-0.18,0,0,"2
"
41,38,45,35,46,41,45,-6.55,-0.18,0,0,"2
"
39,38,45,30,46,41,45,-6.54,-0.18,0,0,"2
"
39,38,45,30,45,41,46,-6.58,-0.18,0,0,"2
"
39,42,48,30,45,39,46,-6.52,-0.18,0,0,"2
"
38,42,48,33,46,39,46,-6.54,-0.18,0,0,"2
"
38,42,48,33,46,42,45,-6.55,-0.18,0,0,"2
"
38,40,52,32,46,42,45,-6.54,-0.18,0,0,"2
"
42,40,52,32,46,42,45,-6.49,-0.18,0,0,"2
"
42,40,44,32,46,39,50,-6.49,-0.18,0,0,"2
"
42,40,44,36,44,39,50,-6.49,-0.18,0,0,"2
"
42,40,44,36,44,45,47,-6.55,-0.18,0,0,"2
"
42,39,45,36,44,45,47,-6.47,-0.18,0,0,"2
"
42,39,45,31,46,45,47,-6.50,-0.18,0,0,"2
"
42,39,51,31,46,43,45,-6.51,-0.18,0,0,"2
"
38,41,51,34,46,43,45,-6.53,-0.18,0,0,"2
"
38,41,51,34,47,NaN,50,-6.47,-0.18,0,0,"2
"
38,38,49,34,47,NaN,50,-6.52,-0.18,0,0,"2
"
44,38,49,32,45,NaN,50,-6.53,-0.18,0,0,"2
"
44,38,49,32,45,41,46,-6.51,-0.18,0,0,"2
"
40,39,51,35,45,41,46,-6.45,-0.18,0,0,"2
"
40,39,51,35,43,41,46,-6.46,-0.18,0,0,"2
"
40,40,51,35,43,42,46,-6.50,-0.18,0,0,"2
"
38,40,51,30,45,42,46,-6.46,-0.18,0,0,"2
"
38,40,51,30,45,36,46,-6.39,-0.18,0,0,"2
"
38,40,49,30,45,36,46,-6.39,-0.18,0,0,"2
"
43,40,49,30,47,36,46,-6.46,-0.18,0,0,"2
"
43,40,46,30,47,42,47,-6.42,-0.18,0,0,"2
"
41,42,46,35,48,42,47,-6.35,-0.18,0,0,"2
"
41,42,46,35,48,34,48,-6.34,-0.18,0,0,"2
"
41,38,50,35,48,34,48,-6.42,-0.18,0,0,"2
"
38,38,50,34,45,34,48,-6.47,-0.18,0,0,"2
"
38,38,50,34,45,31,43,-6.40,-0.18,0,0,"2
"
38,44,49,31,45,31,43,-6.39,-0.18,0,0,"2
"
38,44,49,31,47,31,45,-6.51,-0.18,0,0,"2
"
38,42,47,31,47,41,45,-6.36,-0.18,0,0,"2
"
39,42,47,33,46,41,45,-6.34,-0.18,0,0,"2
"
39,42,47,33,46,41,48,-6.35,-0.18,0,0,"2
"
39,43,49,34,46,41,48,-6.31,-0.18,0,0,"2
"
42,43,49,34,45,41,48,-6.38,-0.18,0,0,"2
"
42,43,51,34,45,36,45,-6.35,-0.18,0,0,"2
"
39,41,51,32,43,36,45,-6.30,-0.18,0,0,"2
"
39,41,51,32,43,39,47,-6.43,-0.18,0,0,"2
"
39,40,48,30,43,39,47,-6.38,-0.18,0,0,"2
"
43,40,48,30,45,39,47,-6.33,-0.18,0,0,"2
"
43,40,50,30,45,44,50,-6.35,-0.18,0,0,"2
"
44,41,50,38,45,44,50,-6.38,-0.18,0,0,"2
"
44,41,50,38,45,44,46,-6.39,-0.18,0,0,"2
"
44,42,47,38,45,43,46,-6.36,-0.18,0,0,"2
"
40,42,47,31,45,43,46,-6.35,-0.18,0,0,"2
"
40,42,47,31,45,40,44,-6.30,-0.18,0,0,"2
"
40,41,48,30,45,40,44,-6.26,-0.18,0,0,"2
"
43,41,48,30,42,40,44,-6.31,-0.18,0,0,"2
"
43,41,56,30,42,38,43,-6.33,-0.18,0,0,"2
"
35,43,56,32,41,38,43,-6.31,-0.18,0,0,"2
"
35,43,56,32,41,39,47,-6.38,-0.18,0,0,"2
"
35,42,38,31,41,39,47,-6.35,-0.18,0,0,"2
"
42,42,38,31,44,39,47,-6.31,-0.18,0,0,"2
"
42,42,54,31,44,40,47,-6.31,-0.18,0,0,"2
"
40,37,54,32,43,40,47,-6.32,-0.18,0,0,"2
"
40,37,54,32,43,43,45,-6.29,-0.18,0,0,"2
"
40,41,48,32,43,43,45,-6.28,-0.18,0,0,"2
"
40,41,48,34,47,43,45,-6.28,-0.18,0,0,"2
"
40,41,48,34,47,42,47,-6.23,-0.18,0,0,"2
"
40,40,45,35,47,42,47,-6.20,-0.18,0,0,"2
"
44,40,45,35,47,42,47,-6.23,-0.18,0,0,"2
"
44,40,46,35,47,39,47,-6.26,-0.18,0,0,"2
"
42,39,46,31,44,39,47,-6.37,-0.18,0,0,"2
"
42,39,46,31,44,41,42,-6.25,-0.18,0,0,"2
"
42,39,48,31,44,41,42,-6.21,-0.18,0,0,"2
"
41,39,48,31,46,41,42,-6.26,-0.18,0,0,"2
"
41,39,52,31,46,42,42,-6.33,-0.18,0,0,"2
"
42,42,52,33,46,42,42,-6.34,-0.18,0,0,"2
"
42,42,52,33,46,41,49,-6.32,-0.18,0,0,"2
"
42,42,49,27,46,41,49,-6.33,-0.18,0,0,"2
"
40,42,49,27,45,41,49,-6.29,-0.18,0,0,"2
"
40,42,49,27,45,41,46,-6.24,-0.18,0,0,"2
"
40,44,44,32,44,41,46,-6.21,-0.18,0,0,"2
"
43,44,44,32,44,41,46,-6.24,-0.18,0,0,"2
"
43,38,47,32,44,45,45,-6.26,-0.18,0,0,"2
"
42,38,47,33,43,45,45,-6.26,-0.18,0,0,"2
"
42,38,47,33,43,42,46,-6.32,-0.18,0,0,"2
"
42,39,46,34,43,42,46,-6.33,-0.18,0,0,"2
"
38,39,46,34,48,42,46,-6.33,-0.18,0,0,"2
"
38,39,53,34,48,39,43,-6.23,-0.18,0,0,"2
"
41,43,53,32,38,39,43,-6.23,-0.18,0,0,"2
"
41,43,53,32,38,42,46,-6.27,-0.18,0,0,"2
"
41,41,55,33,38,42,46,-6.24,-0.18,0,0,"2
"
39,41,55,33,44,42,46,-6.35,-0.18,0,0,"2
"
39,41,53,33,44,41,49,-6.35,-0.18,0,0,"2
"
39,37,53,31,45,41,49,-6.28,-0.18,0,0,"2
"
40,37,53,31,45,41,42,-6.21,-0.18,0,0,"2
"
40,40,51,30,45,42,42,-6.20,-0.18,0,0,"2
"
41,40,51,30,45,42,42,-6.30,-0.18,0,0,"2
"
41,40,51,30,45,44,41,-6.39,-0.18,0,0,"2
"
41,43,51,33,45,44,41,-6.28,-0.18,0,0,"2
"
41,43,51,33,44,44,41,-6.24,-0.18,0,0,"2
"
41,43,49,33,44,43,50,-6.29,-0.18,0,0,"2
"
42,41,49,29,44,43,50,-6.27,-0.18,0,0,"2
"
42,41,49,29,44,44,46,-6.23,-0.18,0,0,"2
"
42,40,47,29,44,44,46,-6.21,-0.18,0,0,"2
"
43,40,47,29,46,44,46,-6.23,-0.18,0,0,"2
"
43,40,50,29,46,40,45,-6.22,-0.18,0,0,"2
"
43,36,50,31,46,40,45,-6.22,-0.18,0,0,"2
"
41,36,50,31,46,42,45,-6.32,-0.18,0,0,"2
"
41,43,49,29,46,42,45,-6.28,-0.18,0,0,"2
"
39,43,49,29,41,42,45,-6.23,-0.18,0,0,"2
"
39,43,49,29,41,44,44,-6.22,-0.18,0,0,"2
"
39,40,48,36,37,44,44,-6.19,-0.18,0,0,"2
"
40,40,48,36,37,44,44,-6.09,-0.18,0,0,"2
"
40,40,51,32,37,41,46,-6.13,-0.18,0,0,"2
"
41,39,51,32,47,41,46,-6.11,-0.18,0,0,"2
"
41,39,51,32,47,41,47,-6.17,-0.18,0,0,"2
"
41,40,49,33,47,41,47,-6.22,-0.18,0,0,"2
"
39,40,49,33,47,41,47,-6.25,-0.18,0,0,"2
"
39,40,49,33,47,38,47,-6.25,-0.18,0,0,"2
"
39,41,49,34,44,38,47,-6.15,-0.18,0,0,"2
"
41,41,49,34,44,44,47,-6.18,-0.18,0,0,"2
"
41,38,49,33,44,44,47,-6.14,-0.18,0,0,"2
"
38,38,49,33,45,44,47,-6.15,-0.18,0,0,"2
"
38,38,49,33,45,46,44,-6.20,-0.18,0,0,"2
"
38,38,49,30,47,46,44,-6.15,-0.18,0,0,"2
"
42,38,49,30,47,46,44,-6.14,-0.18,0,0,"2
"
42,38,45,30,47,39,46,-6.16,-0.18,0,0,"2
"
42,41,45,30,49,39,46,-6.10,-0.18,0,0,"2
"
42,41,45,30,49,38,47,-6.16,-0.18,0,0,"2
"
42,40,46,33,49,38,47,-6.23,-0.18,0,0,"2
"
39,40,46,33,45,38,47,-6.14,-0.18,0,0,"2
"
39,40,42,28,45,40,46,-6.13,-0.18,0,0,"2
"
39,42,42,28,44,40,46,-6.15,-0.18,0,0,"2
"
38,42,42,28,44,41,49,-6.12,-0.18,0,0,"2
"
38,38,46,33,44,41,49,-6.15,-0.18,0,0,"2
"
37,38,46,33,43,41,49,-6.22,-0.18,0,0,"2
"
37,38,50,33,43,41,46,-6.16,-0.18,0,0,"2
"
37,37,50,34,43,41,46,-6.12,-0.18,0,0,"2
"
39,37,50,34,43,41,46,-6.17,-0.18,0,0,"2
"
39,39,48,34,43,40,49,-6.14,-0.18,0,0,"2
"
41,39,48,34,47,40,49,-6.14,-0.18,0,0,"2
"
41,39,48,34,47,43,46,-6.14,-0.18,0,0,"2
"
41,41,48,34,45,43,46,-6.07,-0.18,0,0,"2
"
38,41,48,34,45,43,46,-6.14,-0.18,0,0,"2
"
38,41,48,33,45,39,45,-6.17,-0.18,0,0,"2
"
38,42,48,33,47,39,45,-6.16,-0.18,0,0,"2
"
37,42,48,33,47,40,47,-6.18,-0.18,0,0,"2
"
37,43,53,31,47,40,47,-6.09,-0.18,0,0,"2
"
41,43,53,31,47,40,47,-6.08,-0.18,0,0,"2
"
41,43,50,32,47,43,46,-6.22,-0.18,0,0,"2
"
41,38,50,32,45,43,46,-6.19,-0.18,0,0,"2
"
40,38,50,32,45,43,47,-6.15,-0.18,0,0,"2
"
40,44,43,35,45,43,47,-6.16,-0.18,0,0,"2
"
42,44,43,35,44,43,47,-6.12,-0.18,0,0,"2
"
42,44,43,35,44,41,48,-6.11,-0.18,0,0,"2
"
42,36,49,34,42,41,48,-6.11,-0.18,0,0,"2
"
39,36,49,34,42,41,48,-6.10,-0.18,0,0,"2
"
39,36,44,32,42,39,46,-6.11,-0.18,0,0,"2
"
39,40,44,32,42,39,46,-6.10,-0.18,0,0,"2
"
41,40,44,32,42,40,44,-6.14,-0.18,0,0,"2
"
41,36,49,34,42,40,44,-6.13,-0.18,0,0,"2
"
40,36,49,34,44,40,44,-6.08,-0.18,0,0,"2
"
40,36,48,34,44,39,44,-6.11,-0.18,0,0,"2
"
40,41,48,34,42,39,44,-6.10,-0.18,0,0,"2
"
40,41,48,34,42,43,45,-6.10,-0.18,0,0,"2
"
40,39,53,32,42,43,45,-6.06,-0.18,0,0,"2
"
42,39,53,32,47,43,45,-6.11,-0.18,0,0,"2
"
42,39,53,35,47,40,45,-6.19,-0.18,0,0,"2
"
42,42,51,35,47,40,45,-6.19,-0.18,0,0,"2
"
37,42,51,35,47,40,45,-6.14,-0.18,0,0,"2
"
37,42,49,32,47,42,47,-6.10,-0.18,0,0,"2
"
37,39,49,32,45,42,47,-6.07,-0.18,0,0,"2
"
40,39,49,32,45,42,48,-6.08,-0.18,0,0,"2
"
40,43,46,29,45,42,48,-6.08,-0.18,0,0,"2
"
46,43,46,29,45,42,48,-6.13,-0.18,0,0,"2
"
46,43,48,33,45,44,49,-6.15,-0.18,0,0,"2
"
46,39,48,33,42,44,49,-6.11,-0.18,0,0,"2
"
42,39,48,33,42,37,42,-6.08,-0.18,0,0,"2
"
42,36,47,38,42,37,42,-6.09,-0.18,0,0,"2
"
38,36,47,38,45,37,42,-6.19,-0.18,0,0,"2
"
38,36,45,35,45,43,43,-6.14,-0.18,0,0,"2
"
38,45,45,35,43,43,43,-6.03,-0.18,0,0,"2
"
41,45,45,35,43,43,43,-6.03,-0.18,0,0,"2
"
41,45,46,34,43,42,47,-6.09,-0.18,0,0,"2
"
41,40,46,34,41,42,47,-6.08,-0.18,0,0,"2
"
40,40,46,35,41,40,45,-6.12,-0.18,0,0,"2
"
40,41,44,35,41,40,45,-6.08,-0.18,0,0,"2
"
39,41,44,35,41,40,45,-6.12,-0.18,0,0,"2
"
39,41,49,32,41,39,46,-6.08,-0.18,0,0,"2
"
39,37,49,32,45,39,46,-6.00,-0.18,0,0,"2
"
41,37,49,32,45,39,45,-6.03,-0.18,0,0,"2
"
41,39,50,34,45,39,45,-6.10,-0.18,0,0,"2
"
44,39,50,34,42,39,45,-6.17,-0.18,0,0,"2
"
44,39,49,32,42,42,45,-6.06,-0.18,0,0,"2
"
44,37,49,32,41,42,45,-5.98,-0.18,0,0,"2
"
40,37,49,32,41,41,45,-6.03,-0.18,0,0,"2
"
40,40,48,30,41,41,43,-6.12,-0.18,0,0,"2
"
40,40,48,30,42,41,43,-6.11,-0.18,0,0,"2
"
41,40,48,32,42,43,43,-6.13,-0.18,0,0,"2
"
41,40,53,32,45,43,43,-6.15,-0.09,0,0,"2
"
36,40,53,32,32,43,43,-6.17,-0.09,0,0,"2
"
36,40,50,35,35,42,42,-6.13,-0.09,0,0,"2
"
36,39,50,35,35,42,42,-6.10,-0.09,0,0,"2
"
37,39,50,35,35,42,42,-6.09,-0.09,0,0,"2
"
37,39,51,34,34,44,44,-6.17,-0.09,0,0,"2
"
37,42,51,34,34,44,44,-6.10,-0.09,0,0,"2
"
41,42,51,34,34,44,44,-6.03,-0.09,0,0,"2
"
41,42,47,32,32,42,42,-6.00,-0.09,0,0,"2
"
41,40,47,32,32,42,42,-6.02,-0.09,0,0,"2
"
41,40,47,32,32,42,42,-6.08,-0.09,0,0,"2
"
41,40,49,33,33,43,43,-6.08,-0.09,0,0,"2
"
41,41,49,33,33,43,43,-6.07,-0.09,0,0,"2
"
41,41,49,35,35,43,43,-6.08,-0.09,0,0,"2
"
41,41,52,35,35,42,42,-6.07,-0.09,0,0,"2
"
41,41,52,35,35,42,42,-6.03,-0.09,0,0,"2
"
41,41,52,34,34,42,42,-6.02,-0.09,0,0,"2
"
41,38,48,34,34,43,43,-6.02,-0.09,0,0,"2
"
41,38,48,34,34,43,43,-6.02,-0.09,0,0,"2
"
41,38,51,34,34,39,39,-6.07,-0.09,0,0,"2
"
41,39,51,34,34,39,39,-6.03,-0.09,0,0,"2
"
41,39,51,34,34,39,39,-6.04,-0.09,0,0,"2
"
41,39,52,33,33,42,42,-6.10,-0.09,0,0,"2
"
41,47,52,33,33,42,42,-6.06,-0.09,0,0,"2
"
42,47,52,33,33,42,42,-6.07,-0.09,0,0,"2
"
42,40,53,33,33,41,41,-6.07,-0.09,0,0,"2
"
42,40,53,33,33,41,41,-6.12,-0.09,0,0,"2
"
43,40,50,37,37,42,42,-6.08,-0.09,0,0,"2
"
43,39,50,37,37,42,42,-6.03,-0.09,0,0,"2
"
38,39,50,37,37,42,42,-6.02,-0.09,0,0,"2
"
38,39,46,31,31,42,42,-6.03,-0.09,0,0,"2
"
38,40,46,31,31,42,42,-6.03,-0.09,0,0,"2
"
38,40,46,33,33,42,42,-6.10,-0.09,0,0,"2
"
38,41,47,33,33,43,43,-6.04,-0.09,0,0,"2
"
38,41,47,33,33,43,43,-6.03,-0.09,0,0,"2
"
39,41,47,32,32,43,43,-6.06,-0.09,0,0,"2
"
39,44,52,32,32,40,40,-6.07,-0.09,0,0,"2
"
41,44,52,32,32,40,40,-6.04,-0.09,0,0,"2
"
41,44,57,31,31,43,43,-6.05,-0.09,0,0,"2
"
41,39,57,31,31,43,43,-6.08,-0.09,0,0,"2
"
41,39,57,34,34,43,43,-6.04,-0.09,0,0,"2
"
41,39,44,34,34,42,42,-6.11,-0.09,0,0,"2
"
41,44,44,34,34,42,42,-6.05,-0.09,0,0,"2
"
41,44,44,31,31,42,42,-6.04,-0.09,0,0,"2
"
41,40,47,31,31,41,41,-6.04,-0.09,0,0,"2
"
41,40,47,31,31,41,41,-6.05,-0.09,0,0,"2
"
41,40,51,33,33,44,44,-6.10,-0.09,0,0,"2
"
41,41,51,33,33,44,44,-6.09,-0.09,0,0,"2
"
44,41,51,33,33,44,44,-6.05,-0.09,0,0,"2
"
44,41,47,32,32,42,42,-6.02,-0.09,0,0,"2
"
44,41,47,32,32,42,42,-6.05,-0.09,0,0,"2
"
40,41,47,32,32,42,42,-6.03,-0.09,0,0,"2
"
40,41,46,32,32,41,41,-5.97,-0.09,0,0,"2
"
40,41,46,32,32,41,41,-5.98,-0.09,0,0,"2
"
40,41,47,32,32,41,41,-6.05,-0.09,0,0,"2
"
40,44,47,32,32,44,44,-6.12,-0.09,0,0,"2
"
41,44,47,32,32,44,44,-5.98,-0.09,0,0,"2
"
41,44,45,36,36,41,41,-5.96,-0.09,0,0,"2
"
41,33,45,36,36,41,41,-6.01,-0.09,0,0,"2
"
37,33,45,35,35,41,41,-5.98,-0.09,0,0,"2
"
37,37,49,35,35,42,42,-5.99,-0.09,0,0,"2
"
37,37,49,35,35,42,42,-6.03,-0.09,0,0,"2
"
39,37,49,32,32,42,42,-6.13,-0.09,0,0,"2
"
39,40,47,32,32,43,43,-6.12,-0.09,0,0,"2
"
40,40,47,32,32,43,43,-6.09,-0.09,0,0,"2
"
40,40,50,37,37,40,40,-6.05,-0.09,0,0,"2
"
40,42,50,37,37,40,40,-6.02,-0.09,0,0,"2
"
42,42,50,37,37,40,40,-5.95,-0.09,0,0,"2
"
42,42,40,37,37,41,41,-5.95,-0.09,0,0,"2
"
42,41,40,37,37,41,41,-6.00,-0.09,0,0,"2
"
42,41,40,35,35,41,41,-5.96,-0.09,0,0,"2
"
42,38,45,35,35,39,39,-5.99,-0.09,0,0,"2
"
42,38,45,35,35,39,39,-6.00,-0.09,0,0,"2
"
40,38,48,32,32,39,39,-6.03,-0.09,0,0,"2
"
40,44,48,32,32,39,39,-6.01,-0.09,0,0,"2
"
40,44,48,32,32,39,39,-6.00,-0.09,0,0,"2
"
40,44,50,32,32,41,41,-5.99,-0.09,0,0,"2
"
40,36,50,32,32,41,41,-6.07,-0.09,0,0,"2
"
41,36,50,32,32,41,41,-6.01,-0.09,0,0,"2
"
41,39,48,32,32,43,43,-5.95,-0.09,0,0,"2
"
41,39,48,32,32,43,43,-5.98,-0.09,0,0,"2
"
42,39,48,31,31,41,41,-6.02,-0.09,0,0,"2
"
42,37,48,31,31,41,41,-5.98,-0.09,0,0,"2
"
41,37,48,32,32,41,41,-5.99,-0.09,0,0,"2
"
41,37,45,32,32,43,43,-5.98,-0.09,0,0,"2
"
41,39,45,32,32,43,43,-6.02,-0.09,0,0,"2
"
41,39,45,33,33,43,43,-6.03,-0.09,0,0,"2
"
41,41,49,33,33,45,45,-6.01,-0.09,0,0,"2
"
41,41,49,33,33,45,45,-6.01,-0.09,0,0,"2
"
41,41,48,33,33,45,45,-6.01,-0.09,0,0,"2
"
41,40,48,33,33,43,43,-6.02,-0.09,0,0,"2
"
41,40,48,32,32,43,43,-6.07,-0.09,0,0,"2
"
41,40,47,32,32,43,43,-6.07,-0.09,0,0,"2
"
41,38,47,32,32,43,43,-5.97,-0.09,0,0,"2
"
44,38,47,33,33,43,43,-5.96,-0.09,0,0,"2
"
44,38,48,33,33,42,42,-5.98,-0.09,0,0,"2
"
44,42,48,33,33,42,42,-5.96,-0.09,0,0,"2
"
38,42,48,35,35,42,42,-5.96,-0.09,0,0,"2
"
38,42,48,35,35,42,42,-5.99,-0.09,0,0,"2
"
38,42,48,35,35,42,42,-5.98,-0.09,0,0,"2
"
41,42,41,33,33,44,44,-6.03,-0.09,0,0,"2
"
41,38,41,33,33,44,44,-6.10,-0.09,0,0,"2
"
41,38,41,33,33,44,44,-6.08,-0.09,0,0,"2
"
41,38,47,33,33,40,40,-5.97,-0.09,0,0,"2
"
41,41,47,33,33,40,40,-6.00,-0.09,0,0,"2
"
37,41,47,33,33,40,40,-5.96,-0.09,0,0,"2
"
37,37,51,33,33,42,42,-6.00,-0.09,0,0,"2
"
37,37,51,33,33,42,42,-6.02,-0.09,0,0,"2
"
41,37,47,34,34,42,42,-6.08,-0.09,0,0,"2
"
41,38,47,34,34,42,42,-6.12,-0.09,0,0,"2
"
41,38,47,34,34,42,42,-6.06,-0.09,0,0,"2
"
41,38,50,34,34,48,48,-5.96,-0.09,0,0,"2
"
41,43,50,34,34,48,48,-5.92,-0.09,0,0,"2
"
43,43,50,36,36,48,48,-5.89,-0.09,0,0,"2
"
43,42,46,36,36,43,43,-5.89,-0.09,0,0,"2
"
43,42,46,36,36,43,43,-5.92,-0.09,0,0,"2
"
39,42,50,32,32,43,43,-6.00,-0.09,0,0,"2
"
39,38,50,32,32,41,41,-6.07,-0.09,0,0,"2
"
39,38,50,30,30,41,41,-6.05,-0.09,0,0,"2
"
41,38,48,30,30,42,42,-6.02,-0.09,0,0,"2
"
41,44,48,30,30,42,42,-5.97,-0.09,0,0,"2
"
40,44,48,31,31,42,42,-5.98,-0.09,0,0,"2
"
40,44,47,31,31,43,43,-6.00,-0.09,0,0,"2
"
40,44,47,31,31,43,43,-5.96,-0.09,0,0,"2
"
40,44,47,30,30,43,43,-5.95,-0.09,0,0,"2
"
40,39,53,30,30,43,43,-5.96,-0.09,0,0,"2
"
41,40,50,30,30,45,45,-1.79,0.97,0,0,"3
"
41,40,50,30,30,45,45,-1.79,0.97,0,0,"3
"
43,40,48,30,30,44,44,-1.80,0.97,0,0,"3
"
43,45,48,33,33,44,44,-1.85,0.97,0,0,"3
"
43,45,48,33,33,44,44,-1.83,0.97,0,0,"3
"
43,45,42,33,33,35,35,-1.80,0.97,0,0,"3
"
43,41,42,32,32,35,35,-1.87,0.97,0,0,"3
"
43,41,42,32,32,35,35,-1.88,0.97,0,0,"3
"
42,41,43,32,32,39,39,-1.92,0.97,0,0,"3
"
42,43,43,34,34,39,39,-1.95,0.97,0,0,"3
"
40,43,43,34,34,39,39,-1.93,0.97,0,0,"3
"
40,34,46,34,34,40,40,-1.87,0.97,0,0,"3
"
40,34,46,30,30,40,40,-1.92,0.97,0,0,"3
"
42,34,49,30,30,43,43,-1.93,0.97,0,0,"3
"
42,40,49,35,35,43,43,-1.95,0.97,0,0,"3
"
42,40,49,35,35,43,43,-1.92,0.97,0,0,"3
"
40,40,48,35,35,38,38,-1.90,0.97,0,0,"3
"
40,43,48,33,33,38,38,-1.95,0.97,0,0,"3
"
40,43,48,33,33,38,38,-1.94,0.97,0,0,"3
"
43,41,49,33,33,39,39,-1.83,0.97,0,0,"3
"
43,41,49,32,32,39,39,-1.91,0.97,0,0,"3
"
41,41,52,32,32,44,44,-1.96,0.97,0,0,"3
"
41,42,52,35,35,44,44,-1.91,0.97,0,0,"3
"
41,42,52,35,35,44,44,-1.93,0.97,0,0,"3
"
41,42,46,35,35,44,44,-2.06,0.97,0,0,"3
"
41,42,46,35,35,44,44,-2.14,0.97,0,0,"3
"
41,42,46,35,35,44,44,-2.13,0.97,0,0,"3
"
40,42,48,35,35,40,40,-2.10,0.97,0,0,"3
"
40,43,48,32,32,40,40,-2.06,0.97,0,0,"3
"
42,43,48,32,32,43,43,-1.97,0.97,0,0,"3
"
42,42,48,33,33,43,43,-1.91,0.97,0,0,"3
"
42,42,48,33,33,43,43,-1.97,0.97,0,0,"3
"
38,42,48,33,33,41,41,-1.98,0.97,0,0,"3
"
38,44,48,33,33,41,41,-1.95,0.97,0,0,"3
"
38,44,48,33,33,41,41,-1.99,0.97,0,0,"3
"
39,44,53,33,33,37,37,-1.99,0.97,0,0,"3
"
39,40,53,35,35,37,37,-2.01,0.97,0,0,"3
"
39,40,49,35,35,37,37,-2.06,0.97,0,0,"3
"
43,43,49,31,31,40,40,-2.01,0.97,0,0,"3
"
43,43,49,31,31,40,40,-2.08,0.97,0,0,"3
"
44,43,49,31,31,42,42,-2.01,0.97,0,0,"3
"
44,42,49,32,32,42,42,-2.03,0.97,0,0,"3
"
44,42,49,32,32,42,42,-2.11,0.97,0,0,"3
"
42,42,48,32,32,42,42,-2.03,0.97,0,0,"3
"
42,40,48,36,36,42,42,-2.02,0.97,0,0,"3
"
42,40,48,36,36,42,42,-1.95,0.97,0,0,"3
"
40,40,50,33,33,40,40,-2.05,0.97,0,0,"3
"
40,39,50,33,33,40,40,-2.05,0.97,0,0,"3
"
43,39,48,33,33,41,41,-2.05,0.97,0,0,"3
"
43,43,48,31,31,41,41,-2.14,0.97,0,0,"3
"
43,43,48,31,31,41,41,-2.10,0.97,0,0,"3
"
40,43,51,31,31,41,41,-2.09,0.97,0,0,"3
"
40,39,51,33,33,41,41,-2.10,0.97,0,0,"3
"
40,39,51,33,33,41,41,-2.07,0.97,0,0,"3
"
44,39,47,32,32,42,42,-2.11,0.97,0,0,"3
"
44,40,47,32,32,42,42,-2.11,0.97,0,0,"3
"
44,40,48,32,32,43,43,-2.02,0.97,0,0,"3
"
40,40,48,33,33,43,43,-2.06,0.97,0,0,"3
"
40,40,48,33,33,43,43,-2.04,0.97,0,0,"3
"
39,40,46,33,33,33,33,-2.09,0.97,0,0,"3
"
39,40,46,30,30,33,33,-2.19,0.97,0,0,"3
"
39,40,46,30,30,33,33,-2.21,0.97,0,0,"3
"
40,40,49,33,33,42,42,-2.18,0.97,0,0,"3
"
40,43,49,33,33,42,42,-2.15,0.97,0,0,"3
"
40,43,51,33,33,42,42,-2.18,0.97,0,0,"3
"
42,44,51,31,31,40,40,-2.13,0.97,0,0,"3
"
42,44,51,31,31,40,40,-2.11,0.97,0,0,"3
"
43,44,50,31,31,39,39,-2.09,0.97,0,0,"3
"
43,42,50,33,33,39,39,-2.05,0.97,0,0,"3
"
43,42,50,33,33,39,39,-2.06,0.97,0,0,"3
"
41,42,46,33,33,43,43,-2.03,0.97,0,0,"3
"
41,42,46,34,34,43,43,-2.09,0.97,0,0,"3
"
41,42,46,34,34,43,43,-2.15,0.97,0,0,"3
"
41,42,44,33,33,44,44,-2.14,0.97,0,0,"3
"
41,38,44,33,33,44,44,-2.20,0.97,0,0,"3
"
41,38,49,33,33,46,46,-2.17,0.97,0,0,"3
"
39,38,49,33,33,46,46,-2.17,0.97,0,0,"3
"
39,38,49,33,33,46,46,-2.17,0.97,0,0,"3
"
40,38,48,33,33,45,45,-2.13,0.97,0,0,"3
"
40,38,48,34,34,45,45,-2.10,0.97,0,0,"3
"
40,38,48,34,34,45,45,-2.07,0.97,0,0,"3
"
41,38,49,32,32,40,40,-2.08,0.97,0,0,"3
"
41,43,49,32,32,40,40,-2.11,0.97,0,0,"3
"
41,43,47,32,32,43,43,-2.13,0.97,0,0,"3
"
44,41,47,33,33,43,43,-2.12,0.97,0,0,"3
"
44,41,47,33,33,43,43,-2.17,0.97,0,0,"3
"
41,41,49,33,33,42,42,-2.09,0.97,0,0,"3
"
41,36,49,31,31,42,42,-2.10,0.97,0,0,"3
"
41,36,49,31,31,42,42,-2.16,0.97,0,0,"3
"
39,36,50,36,36,40,40,-2.17,0.97,0,0,"3
"
39,40,50,36,36,40,40,-2.22,0.97,0,0,"3
"
39,40,49,36,36,40,40,-2.24,0.97,0,0,"3
"
38,39,49,36,36,44,44,-2.17,0.97,0,0,"3
"
38,39,49,36,36,44,44,-2.15,0.97,0,0,"3
"
42,39,55,36,36,42,42,-2.20,0.97,0,0,"3
"
42,42,55,34,34,42,42,-2.17,0.97,0,0,"3
"
42,42,55,34,34,42,42,-2.18,0.97,0,0,"3
"
43,42,52,34,34,44,44,-2.20,0.97,0,0,"3
"
43,38,52,34,34,44,44,-2.19,0.97,0,0,"3
"
43,38,52,34,34,44,44,-2.15,0.97,0,0,"3
"
40,38,54,34,34,42,42,-2.18,0.97,0,0,"3
"
40,40,54,34,34,42,42,-2.23,0.97,0,0,"3
"
40,40,50,34,34,38,38,-2.24,0.97,0,0,"3
"
42,43,50,31,31,38,38,-2.23,0.97,0,0,"3
"
42,43,50,31,31,38,38,-2.18,0.97,0,0,"3
"
40,43,53,30,30,42,42,-2.14,0.97,0,0,"3
"
40,38,53,30,30,42,42,-2.17,0.97,0,0,"3
"
40,38,53,30,30,42,42,-2.15,0.97,0,0,"3
"
41,38,48,29,29,36,36,-2.18,0.97,0,0,"3
"
41,45,48,29,29,36,36,-2.23,0.97,0,0,"3
"
41,45,50,29,29,42,42,-2.23,0.97,0,0,"3
"
40,45,50,34,34,42,42,-2.15,0.97,0,0,"3
"
40,45,50,34,34,42,42,-2.12,0.97,0,0,"3
"
42,45,49,33,33,42,42,-2.15,0.97,0,0,"3
"
42,41,49,33,33,42,42,-2.22,0.97,0,0,"3
"
42,41,49,33,33,42,42,-2.23,0.97,0,0,"3
"
40,41,49,35,35,42,42,-2.25,0.97,0,0,"3
"
40,40,49,35,35,42,42,-2.30,0.97,0,0,"3
"
40,40,46,35,35,42,42,-2.24,0.97,0,0,"3
"
39,42,46,34,34,41,41,-2.26,0.97,0,0,"3
"
39,42,46,34,34,41,41,-2.32,0.97,0,0,"3
"
39,42,47,34,34,40,40,-2.23,0.97,0,0,"3
"
43,42,47,30,30,40,40,-2.22,0.97,0,0,"3
"
43,42,47,30,30,40,40,-2.23,0.97,0,0,"3
"
41,42,48,35,35,46,46,-2.24,0.97,0,0,"3
"
41,41,48,35,35,46,46,-2.31,0.97,0,0,"3
"
41,41,48,35,35,46,46,-2.26,0.97,0,0,"3
"
42,41,50,29,29,41,41,-2.30,0.97,0,0,"3
"
42,38,50,29,29,41,41,-2.27,0.97,0,0,"3
"
42,38,52,29,29,46,46,-2.19,0.97,0,0,"3
"
41,40,52,34,34,46,46,-2.21,0.97,0,0,"3
"
41,40,52,34,34,46,46,-2.25,0.97,0,0,"3
"
38,40,50,35,35,41,41,-2.18,0.97,0,0,"3
"
38,39,50,35,35,41,41,-2.21,0.97,0,0,"3
"
38,39,50,35,35,41,41,-2.24,0.97,0,0,"3
"
40,39,52,36,36,40,40,-2.21,0.97,0,0,"3
"
40,37,52,36,36,40,40,-2.22,0.97,0,0,"3
"
40,37,45,36,36,46,46,-2.27,0.97,0,0,"3
"
41,44,45,34,34,46,46,-2.21,0.97,0,0,"3
"
41,44,45,34,34,46,46,-2.30,0.97,0,0,"3
"
41,44,50,31,31,40,40,-2.35,0.97,0,0,"3
"
42,42,50,31,31,40,40,-2.23,0.97,0,0,"3
"
42,42,50,31,31,40,40,-2.15,0.97,0,0,"3
"
37,42,52,33,33,40,40,-2.22,0.97,0,0,"3
"
37,40,52,33,33,40,40,-2.27,0.97,0,0,"3
"
37,40,47,33,33,40,40,-2.23,0.97,0,0,"3
"
39,40,47,35,35,45,45,-2.22,0.97,0,0,"3
"
39,37,47,35,35,45,45,-2.22,0.97,0,0,"3
"
39,37,48,34,34,41,41,-2.26,0.97,0,0,"3
"
41,43,48,34,34,41,41,-2.23,0.97,0,0,"3
"
41,43,48,34,34,41,41,-2.25,0.97,0,0,"3
"
39,43,49,32,32,41,41,-2.30,0.97,0,0,"3
"
39,41,49,32,32,41,41,-2.26,0.97,0,0,"3
"
39,41,49,32,32,41,41,-2.20,0.97,0,0,"3
"
39,41,48,32,32,35,35,-2.28,0.97,0,0,"3
"
39,39,48,32,32,35,35,-2.24,0.97,0,0,"3
"
39,39,52,35,35,42,42,-2.20,0.97,0,0,"3
"
42,42,52,35,35,42,42,-2.26,0.97,0,0,"3
"
42,42,52,35,35,42,42,-2.30,0.97,0,0,"3
"
42,42,50,31,31,40,40,-2.24,0.97,0,0,"3
"
43,41,50,31,31,40,40,-2.26,0.97,0,0,"3
"
43,41,50,31,31,40,40,-2.29,0.97,0,0,"3
"
40,41,50,37,37,42,42,-2.31,0.97,0,0,"3
"
40,40,50,37,37,42,42,-2.24,0.97,0,0,"3
"
40,40,49,33,33,36,36,-2.25,0.97,0,0,"3
"
43,42,49,33,33,36,36,-2.28,0.97,0,0,"3
"
43,42,49,33,33,36,36,-2.30,0.97,0,0,"3
"
43,42,46,32,32,41,41,-2.23,0.97,0,0,"3
"
41,42,46,32,32,41,41,-2.26,0.97,0,0,"3
"
41,42,46,32,32,41,41,-2.30,0.97,0,0,"3
"
44,42,48,33,33,42,42,-2.31,0.97,0,0,"3
"
44,40,48,33,33,42,42,-2.25,0.97,0,0,"3
"
44,40,45,33,33,42,42,-2.28,0.97,0,0,"3
"
44,40,45,30,30,36,36,-2.29,0.97,0,0,"3
"
44,43,45,30,30,36,36,-2.27,0.97,0,0,"3
"
44,43,51,29,29,42,42,-2.28,0.97,0,0,"3
"
39,41,51,29,29,42,42,-2.31,0.97,0,0,"3
"
39,41,51,29,29,42,42,-2.31,0.97,0,0,"3
"
39,41,52,31,31,42,42,-2.29,0.97,0,0,"3
"
39,41,52,31,31,42,42,-2.30,0.97,0,0,"3
"
39,41,52,31,31,42,42,-2.34,0.97,0,0,"3
"
41,41,48,33,33,42,42,-2.33,0.97,0,0,"3
"
41,43,48,33,33,42,42,-2.31,0.97,0,0,"3
"
41,43,51,32,32,45,45,-2.31,0.97,0,0,"3
"
41,42,51,32,32,45,45,-2.30,0.97,0,0,"3
"
41,42,51,32,32,45,45,-2.30,0.97,0,0,"3
"
41,42,52,36,36,40,40,-2.23,0.97,0,0,"3
"
42,42,52,36,36,40,40,-2.31,0.97,0,0,"3
"
42,42,52,36,36,40,40,-2.35,0.97,0,0,"3
"
40,42,48,35,35,42,42,-2.29,0.97,0,0,"3
"
40,40,48,35,35,42,42,-2.19,0.97,0,0,"3
"
40,40,51,36,36,43,43,-2.23,0.97,0,0,"3
"
42,42,51,36,36,43,43,-2.30,0.97,0,0,"3
"
42,42,51,36,36,43,43,-2.29,0.97,0,0,"3
"
42,42,54,31,31,39,39,-2.28,0.97,0,0,"3
"
41,41,54,31,31,39,39,-2.31,0.97,0,0,"3
"
41,41,54,31,31,39,39,-2.27,0.97,0,0,"3
"
39,41,49,35,35,48,48,-2.27,0.97,0,0,"3
"
39,39,49,35,35,48,48,-2.32,0.97,0,0,"3
"
39,39,50,31,31,48,48,-2.28,0.97,0,0,"3
"
39,39,50,31,31,43,43,-2.26,0.97,0,0,"3
"
39,43,50,31,31,43,43,-2.27,0.97,0,0,"3
"
39,43,51,37,37,41,41,-2.24,0.97,0,0,"3
"
39,45,51,37,37,41,41,-2.33,0.97,0,0,"3
"
39,45,51,37,37,41,41,-2.35,0.97,0,0,"3
"
39,45,49,33,33,44,44,-2.25,0.97,0,0,"3
"
42,38,49,33,33,44,44,-2.28,0.97,0,0,"3
"
42,38,49,32,32,44,44,-2.28,0.97,0,0,"3
"
44,38,55,32,32,44,44,-2.30,0.97,0,0,"3
"
44,39,55,32,32,44,44,-2.32,0.97,0,0,"3
"
44,39,52,32,32,41,41,-2.30,0.97,0,0,"3
"
41,42,52,32,32,41,41,-2.29,0.97,0,0,"3
"
41,42,52,32,32,41,41,-2.26,0.97,0,0,"3
"
41,42,52,34,34,43,43,-2.29,0.97,0,0,"3
"
42,43,52,34,34,43,43,-2.35,0.97,0,0,"3
"
42,43,52,34,34,43,43,-2.38,0.97,0,0,"3
"
42,43,50,34,34,38,38,-2.41,0.97,0,0,"3
"
42,40,50,34,34,38,38,-2.42,0.97,0,0,"3
"
42,40,52,30,30,47,47,-2.33,0.97,0,0,"3
"
40,45,52,30,30,47,47,-2.33,0.97,0,0,"3
"
40,45,52,30,30,47,47,-2.32,0.97,0,0,"3
"
40,45,50,32,32,40,40,-2.27,0.97,0,0,"3
"
41,42,50,32,32,40,40,-2.30,0.97,0,0,"3
"
41,42,50,32,32,40,40,-2.33,0.97,0,0,"3
"
41,42,48,35,35,36,36,-2.29,0.97,0,0,"3
"
41,36,48,35,35,36,36,-2.32,0.97,0,0,"3
"
41,36,52,33,33,36,36,-2.27,0.97,0,0,"3
"
41,36,52,33,33,40,40,-2.24,0.97,0,0,"3
"
41,40,52,33,33,40,40,-2.29,0.97,0,0,"3
"
41,40,50,33,33,43,43,-2.30,0.97,0,0,"3
"
41,43,50,33,33,43,43,-2.35,0.97,0,0,"3
"
41,43,50,33,33,43,43,-2.30,0.97,0,0,"3
"
41,43,48,35,35,42,42,-2.25,0.97,0,0,"3
"
38,45,48,35,35,42,42,-2.37,0.97,0,0,"3
"
38,45,48,33,33,42,42,-2.32,0.97,0,0,"3
"
42,45,51,33,33,40,40,-2.27,0.97,0,0,"3
"
42,42,51,33,33,40,40,-2.28,0.97,0,0,"3
"
42,42,50,34,34,41,41,-2.34,0.97,0,0,"3
"
46,42,50,34,34,41,41,-2.28,0.97,0,0,"3
"
46,42,50,34,34,41,41,-2.30,0.97,0,0,"3
"
46,42,45,31,31,42,42,-2.29,0.97,0,0,"3
"
41,42,45,31,31,42,42,-2.32,0.97,0,0,"3
"
41,42,45,32,32,42,42,-2.34,0.97,0,0,"3
"
41,42,48,32,32,40,40,-2.31,0.97,0,0,"3
"
41,41,48,32,32,40,40,-2.29,0.97,0,0,"3
"
41,41,49,34,34,39,39,-2.33,0.97,0,0,"3
"
38,40,49,34,34,39,39,-2.32,0.97,0,0,"3
"
38,40,49,34,34,39,39,-2.30,0.97,0,0,"3
"
38,40,49,35,35,37,37,-2.30,0.97,0,0,"3
"
40,42,49,35,35,37,37,-2.28,0.97,0,0,"3
"
40,42,49,34,34,37,37,-2.27,0.97,0,0,"3
"
40,42,50,34,34,44,44,-2.27,0.97,0,0,"3
"
42,38,50,34,34,44,44,-2.34,0.97,0,0,"3
"
42,38,46,32,32,44,44,-2.34,0.97,0,0,"3
"
40,38,46,32,32,39,39,-2.32,0.97,0,0,"3
"
40,40,46,32,32,39,39,-2.33,0.97,0,0,"3
"
40,40,47,33,33,42,42,-2.36,0.97,0,0,"3
"
41,41,47,33,33,42,42,-2.36,0.97,0,0,"3
"
41,41,47,36,36,42,42,-2.38,0.97,0,0,"3
"
41,41,52,36,36,43,43,-2.38,0.97,0,0,"3
"
40,41,52,36,36,43,43,-2.38,0.97,0,0,"3
"
40,41,52,32,32,43,43,-2.39,0.97,0,0,"3
"
40,41,49,32,32,42,42,-2.34,0.97,0,0,"3
"
40,43,49,32,32,42,42,-2.41,0.97,0,0,"3
"
40,43,47,35,35,41,41,-2.31,0.97,0,0,"3
"
39,42,47,35,35,41,41,-2.33,0.97,0,0,"3
"
39,42,47,31,31,41,41,-2.36,0.97,0,0,"3
"
39,42,49,31,31,36,36,-2.37,0.97,0,0,"3
"
41,42,49,31,31,36,36,-2.33,0.97,0,0,"3
"
41,42,49,31,31,36,36,-2.38,0.97,0,0,"3
"
41,42,52,31,31,43,43,-2.34,0.97,0,0,"3
"
41,43,52,31,31,43,43,-2.31,0.97,0,0,"3
"
41,43,47,31,31,40,40,-2.37,0.97,0,0,"3
"
44,44,47,31,31,40,40,-2.35,0.97,0,0,"3
"
44,44,47,31,31,40,40,-2.42,0.97,0,0,"3
"
44,44,51,33,33,40,40,-2.45,0.97,0,0,"3
"
42,42,51,33,33,40,40,-2.42,0.97,0,0,"3
"
42,42,51,31,31,40,40,-2.38,0.97,0,0,"3
"
42,42,52,31,31,41,41,-2.27,0.97,0,0,"3
"
41,42,52,31,31,41,41,-2.29,0.97,0,0,"3
"
41,42,47,29,29,41,41,-2.37,0.97,0,0,"3
"
43,42,47,29,29,40,40,-2.34,0.97,0,0,"3
"
43,39,47,29,29,40,40,-2.36,0.97,0,0,"3
"
43,39,50,33,33,44,44,-2.39,0.97,0,0,"3
"
41,39,50,33,33,44,44,-2.39,0.97,0,0,"3
"
41,39,50,32,32,44,44,-2.33,0.97,0,0,"3
"
41,39,50,32,32,44,44,-2.34,0.97,0,0,"3
"
42,40,50,32,32,44,44,-2.34,0.97,0,0,"3
"
42,40,50,33,33,44,44,-2.23,0.97,0,0,"3
"
42,40,48,33,33,41,41,-2.23,0.97,0,0,"3
"
42,44,48,33,33,41,41,-2.25,0.97,0,0,"3
"
42,44,49,33,33,40,40,-2.26,0.97,0,0,"3
"
44,45,49,33,33,40,40,-2.31,0.97,0,0,"3
"
44,45,49,29,29,40,40,-2.40,0.97,0,0,"3
"
44,45,50,29,29,44,44,-2.39,0.97,0,0,"3
"
41,45,50,29,29,44,44,-2.34,0.97,0,0,"3
"
41,45,50,33,33,44,44,-2.32,0.97,0,0,"3
"
41,45,50,33,33,45,45,-2.34,0.97,0,0,"3
"
37,39,50,33,33,45,45,-2.40,0.97,0,0,"3
"
37,39,48,32,32,43,43,-2.36,0.97,0,0,"3
"
44,39,48,32,32,43,43,-2.32,0.97,0,0,"3
"
44,41,48,33,33,43,43,-2.35,0.97,0,0,"3
"
44,41,48,33,33,41,41,-2.38,0.97,0,0,"3
"
44,39,48,33,33,41,41,-2.32,0.97,0,0,"3
"
44,39,48,36,36,41,41,-2.35,0.97,0,0,"3
"
44,39,53,36,36,41,41,-2.38,0.97,0,0,"3
"
41,43,53,36,36,41,41,-2.33,0.97,0,0,"3
"
41,43,50,36,36,41,41,-2.37,0.97,0,0,"3
"
41,43,50,36,36,39,39,-2.36,0.97,0,0,"3
"
42,42,50,35,35,39,39,-2.34,0.97,0,0,"3
"
42,42,49,35,35,39,39,-2.33,0.97,0,0,"3
"
43,41,49,35,35,39,39,-2.33,0.97,0,0,"3
"
43,41,49,31,31,39,39,-2.40,0.97,0,0,"3
"
43,41,50,31,31,45,45,-2.41,0.97,0,0,"3
"
38,41,50,31,31,45,45,-2.39,0.97,0,0,"3
"
38,41,50,33,33,45,45,-2.37,0.97,0,0,"3
"
38,41,50,33,33,42,42,-2.36,0.97,0,0,"3
"
46,38,50,35,35,42,42,-2.33,0.97,0,0,"3
"
46,38,51,35,35,44,44,-2.31,0.97,0,0,"3
"
41,39,51,35,35,44,44,-2.31,0.97,0,0,"3
"
41,39,51,37,37,44,44,-2.42,0.97,0,0,"3
"
41,39,52,37,37,43,43,-2.46,0.97,0,0,"3
"
40,38,52,37,37,43,43,-2.36,0.97,0,0,"3
"
40,38,52,34,34,43,43,-2.31,0.97,0,0,"3
"
40,38,50,34,34,43,43,-2.29,0.97,0,0,"3
"
39,41,50,34,34,43,43,-2.34,0.97,0,0,"3
"
39,41,49,35,35,43,43,-2.37,0.97,0,0,"3
"
39,41,49,35,35,43,43,-2.37,0.97,0,0,"3
"
40,37,49,34,34,43,43,-2.41,0.97,0,0,"3
"
40,37,48,34,34,44,44,-2.42,0.97,0,0,"3
"
42,42,48,34,34,44,44,-2.48,0.97,0,0,"3
"
42,42,48,33,33,44,44,-2.39,0.97,0,0,"3
"
42,42,49,33,33,42,42,-2.42,0.97,0,0,"3
"
43,42,49,33,33,42,42,-2.44,0.97,0,0,"3
"
43,42,51,33,33,42,42,-2.36,0.97,0,0,"3
"
43,42,51,33,33,39,39,-2.33,0.97,0,0,"3
"
40,41,51,33,33,39,39,-2.38,0.97,0,0,"3
"
40,41,49,33,33,46,46,-2.38,0.97,0,0,"3
"
39,42,49,33,33,46,46,-2.37,0.97,0,0,"3
"
39,42,49,33,33,46,46,-2.40,0.97,0,0,"3
"
39,42,51,33,33,40,40,-2.40,0.97,0,0,"3
"
42,41,51,33,33,40,40,-2.37,0.97,0,0,"3
"
42,41,51,38,38,40,40,-2.32,0.97,0,0,"3
"
42,41,49,38,38,41,41,-2.39,0.97,0,0,"3
"
41,43,49,34,34,41,41,-2.39,0.97,0,0,"3
"
41,43,48,34,34,40,40,-2.42,0.97,0,0,"3
"
41,41,48,34,34,40,40,-2.32,0.97,0,0,"3
"
42,41,48,36,36,40,40,-2.27,0.97,0,0,"3
"
42,41,51,36,36,41,41,-2.33,0.97,0,0,"3
"
44,43,51,36,36,41,41,-2.41,0.97,0,0,"3
"
44,43,51,34,34,41,41,-2.38,0.97,0,0,"3
"
40,45,48,33,33,36,36,1.51,5.45,0,0,"4
"
40,45,48,33,33,36,36,1.51,5.45,0,0,"4
"
36,47,48,33,33,36,36,1.45,5.45,0,0,"4
"
36,47,52,33,33,36,36,1.44,5.45,0,0,"4
"
36,43,52,32,32,36,36,1.49,5.45,0,0,"4
"
41,43,52,32,32,36,36,1.42,5.45,0,0,"4
"
41,43,49,32,32,44,44,1.31,5.45,0,0,"4
"
41,39,49,33,33,44,44,1.32,5.45,0,0,"4
"
41,39,49,33,33,44,44,1.31,5.45,0,0,"4
"
41,39,45,33,33,36,36,1.35,5.45,0,0,"4
"
41,44,45,36,36,36,36,1.34,5.45,0,0,"4
"
39,44,45,36,36,36,36,1.35,5.45,0,0,"4
"
39,44,47,32,32,37,37,1.26,5.45,0,0,"4
"
44,43,47,32,32,37,37,1.28,5.45,0,0,"4
"
44,43,45,32,32,40,40,1.28,5.45,0,0,"4
"
44,43,45,35,35,40,40,1.23,5.45,0,0,"4
"
40,45,45,35,35,40,40,1.22,5.45,0,0,"4
"
40,45,45,35,35,36,36,1.23,5.45,0,0,"4
"
40,45,45,37,37,36,36,1.20,5.45,0,0,"4
"
41,45,45,37,37,36,36,1.18,5.45,0,0,"4
"
41,45,49,37,37,41,41,1.18,5.45,0,0,"4
"
37,42,49,34,34,41,41,1.16,5.45,0,0,"4
"
37,42,46,34,34,39,39,1.13,5.45,0,0,"4
"
37,42,46,30,30,39,39,1.19,5.45,0,0,"4
"
41,44,46,30,30,39,39,1.09,5.45,0,0,"4
"
41,44,47,30,30,43,43,1.10,5.45,0,0,"4
"
41,46,47,36,36,43,43,1.14,5.45,0,0,"4
"
39,46,47,36,36,43,43,1.07,5.45,0,0,"4
"
39,46,45,36,36,39,39,1.02,5.45,0,0,"4
"
39,46,45,33,33,39,39,1.03,5.45,0,0,"4
"
41,46,45,33,33,39,39,1.02,5.45,0,0,"4
"
41,46,46,33,33,42,42,1.08,5.45,0,0,"4
"
40,40,46,33,33,42,42,1.01,5.45,0,0,"4
"
40,40,45,33,33,38,38,0.97,5.45,0,0,"4
"
40,40,45,37,37,38,38,0.93,5.45,0,0,"4
"
38,43,45,37,37,38,38,0.95,5.45,0,0,"4
"
38,43,43,37,37,41,41,0.96,5.45,0,0,"4
"
38,46,43,34,34,41,41,0.92,5.45,0,0,"4
"
40,46,43,34,34,41,41,0.88,5.45,0,0,"4
"
40,46,48,35,35,40,40,0.93,5.45,0,0,"4
"
37,43,48,35,35,40,40,0.98,5.45,0,0,"4
"
37,43,45,35,35,41,41,0.99,5.45,0,0,"4
"
37,43,45,36,36,41,41,0.99,5.45,0,0,"4
"
44,41,45,36,36,41,41,0.96,5.45,0,0,"4
"
44,41,45,36,36,41,41,0.94,5.45,0,0,"4
"
44,45,45,35,35,41,41,0.98,5.45,0,0,"4
"
42,45,45,35,35,41,41,0.91,5.45,0,0,"4
"
42,45,49,32,32,40,40,0.89,5.45,0,0,"4
"
42,45,49,32,32,40,40,0.91,5.45,0,0,"4
"
41,45,47,32,32,39,39,0.89,5.45,0,0,"4
"
41,45,47,35,35,39,39,0.91,5.45,0,0,"4
"
38,45,47,35,35,39,39,0.86,5.45,0,0,"4
"
38,45,45,35,35,36,36,0.86,5.45,0,0,"4
"
38,44,45,34,34,36,36,0.90,5.45,0,0,"4
"
38,44,45,34,34,36,36,0.92,5.45,0,0,"4
"
38,44,44,34,34,36,36,0.88,5.45,0,0,"4
"
38,43,44,34,34,36,36,0.90,5.45,0,0,"4
"
41,43,44,34,34,36,36,0.90,5.45,0,0,"4
"
41,43,45,36,36,38,38,0.90,5.45,0,0,"4
"
39,45,45,36,36,38,38,0.84,5.45,0,0,"4
"
39,45,43,36,36,37,37,0.86,5.45,0,0,"4
"
39,45,43,32,32,37,37,0.84,5.45,0,0,"4
"
41,41,43,32,32,37,37,0.80,5.45,0,0,"4
"
41,41,48,35,35,36,36,0.78,5.45,0,0,"4
"
41,45,48,35,35,36,36,0.88,5.45,0,0,"4
"
41,45,48,35,35,36,36,0.82,5.45,0,0,"4
"
41,45,48,32,32,40,40,0.81,5.45,0,0,"4
"
41,47,48,32,32,40,40,0.76,5.45,0,0,"4
"
40,47,50,32,32,40,40,0.72,5.45,0,0,"4
"
40,47,50,36,36,40,40,0.75,5.45,0,0,"4
"
35,44,50,36,36,40,40,0.86,5.45,0,0,"4
"
35,44,48,36,36,36,36,0.82,5.45,0,0,"4
"
35,46,48,34,34,36,36,0.76,5.45,0,0,"4
"
39,46,48,34,34,36,36,0.80,5.45,0,0,"4
"
39,46,50,32,32,37,37,0.83,5.45,0,0,"4
"
39,43,50,32,32,37,37,0.79,5.45,0,0,"4
"
42,43,49,32,32,36,36,0.76,5.45,0,0,"4
"
42,43,49,32,32,36,36,0.77,5.45,0,0,"4
"
40,44,49,32,32,36,36,0.78,5.45,0,0,"4
"
40,44,47,32,32,36,36,0.74,5.45,0,0,"4
"
40,41,47,31,31,36,36,0.69,5.45,0,0,"4
"
43,41,47,31,31,36,36,0.73,5.45,0,0,"4
"
43,41,44,35,35,42,42,0.74,5.45,0,0,"4
"
43,45,44,35,35,42,42,0.74,5.45,0,0,"4
"
43,45,48,35,35,42,42,0.75,5.45,0,0,"4
"
43,45,48,33,33,38,38,0.74,5.45,0,0,"4
"
43,47,48,33,33,38,38,0.75,5.45,0,0,"4
"
40,47,47,33,33,36,36,0.73,5.45,0,0,"4
"
40,47,47,33,33,36,36,0.65,5.45,0,0,"4
"
41,44,47,33,33,36,36,0.64,5.45,0,0,"4
"
41,44,50,29,29,39,39,0.67,5.45,0,0,"4
"
41,45,50,29,29,39,39,0.72,5.45,0,0,"4
"
42,45,50,29,29,39,39,0.75,5.45,0,0,"4
"
42,45,47,36,36,38,38,0.75,5.45,0,0,"4
"
42,43,47,36,36,38,38,0.67,5.45,0,0,"4
"
40,43,48,36,36,37,37,0.69,5.45,0,0,"4
"
40,43,48,35,35,37,37,0.71,5.45,0,0,"4
"
37,44,48,35,35,37,37,0.68,5.45,0,0,"4
"
37,44,45,36,36,38,38,0.67,5.45,0,0,"4
"
37,41,45,36,36,38,38,0.73,5.45,0,0,"4
"
42,41,45,36,36,38,38,0.74,5.45,0,0,"4
"
42,41,48,36,36,40,40,0.67,5.45,0,0,"4
"
42,45,48,36,36,40,40,0.62,5.45,0,0,"4
"
41,45,43,36,36,42,42,0.67,5.45,0,0,"4
"
41,45,43,35,35,42,42,0.67,5.45,0,0,"4
"
39,45,43,35,35,42,42,0.67,5.45,0,0,"4
"
39,45,49,35,35,37,37,0.69,5.45,0,0,"4
"
39,45,49,35,35,37,37,0.64,5.45,0,0,"4
"
39,44,49,35,35,37,37,0.54,5.45,0,0,"4
"
39,44,48,31,31,39,39,0.59,5.45,0,0,"4
"
39,42,48,31,31,39,39,0.66,5.45,0,0,"4
"
40,42,46,31,31,39,39,0.68,5.45,0,0,"4
"
40,42,46,33,33,40,40,0.66,5.45,0,0,"4
"
40,45,46,33,33,40,40,0.66,5.45,0,0,"4
"
43,45,45,34,34,41,41,0.64,5.45,0,0,"4
"
43,45,45,34,34,41,41,0.64,5.45,0,0,"4
"
37,40,45,34,34,41,41,0.66,5.45,0,0,"4
"
37,40,49,33,33,37,37,0.66,5.45,0,0,"4
"
37,40,49,33,33,37,37,0.64,5.45,0,0,"4
"
42,40,49,33,33,37,37,0.61,5.45,0,0,"4
"
42,40,46,33,33,40,40,0.61,5.45,0,0,"4
"
42,40,46,33,33,40,40,0.58,5.45,0,0,"4
"
39,40,44,33,33,34,34,0.58,5.45,0,0,"4
"
39,40,44,33,33,34,34,0.56,5.45,0,0,"4
"
41,42,44,33,33,34,34,0.63,5.45,0,0,"4
"
41,42,46,32,32,37,37,0.63,5.45,0,0,"4
"
41,44,46,32,32,37,37,0.66,5.45,0,0,"4
"
39,44,46,32,32,37,37,0.64,5.45,0,0,"4
"
39,44,44,35,35,36,36,0.60,5.45,0,0,"4
"
39,43,44,35,35,36,36,0.53,5.45,0,0,"4
"
45,43,44,35,35,40,40,0.52,5.45,0,0,"4
"
45,43,44,34,34,40,40,0.55,5.45,0,0,"4
"
45,42,44,34,34,40,40,0.58,5.45,0,0,"4
"
38,42,45,34,34,38,38,0.55,5.45,0,0,"4
"
38,42,45,34,34,38,38,0.57,5.45,0,0,"4
"
41,44,45,34,34,38,38,0.62,5.45,0,0,"4
"
41,44,45,37,37,38,38,0.57,5.45,0,0,"4
"
41,42,45,37,37,38,38,0.57,5.45,0,0,"4
"
37,42,52,37,37,38,38,0.57,5.45,0,0,"4
"
37,42,52,35,35,38,38,0.54,5.45,0,0,"4
"
37,42,52,35,35,38,38,0.50,5.45,0,0,"4
"
42,42,46,32,32,39,39,0.53,5.45,0,0,"4
"
42,42,46,32,32,39,39,0.52,5.45,0,0,"4
"
42,45,46,32,32,39,39,0.52,5.45,0,0,"4
"
42,45,45,35,35,43,43,0.55,5.45,0,0,"4
"
42,40,45,35,35,43,43,0.59,5.45,0,0,"4
"
40,40,45,35,35,43,43,0.64,5.45,0,0,"4
"
40,40,48,34,34,42,42,0.61,5.45,0,0,"4
"
40,38,48,34,34,42,42,0.54,5.45,0,0,"4
"
41,38,45,34,34,37,37,0.46,5.45,0,0,"4
"
41,38,45,34,34,37,37,0.49,5.45,0,0,"4
"
41,44,45,34,34,37,37,0.53,5.45,0,0,"4
"
43,44,48,32,32,37,37,0.61,5.45,0,0,"4
"
43,43,48,32,32,37,37,0.55,5.45,0,0,"4
"
37,43,48,32,32,37,37,0.51,5.45,0,0,"4
"
37,43,46,30,30,36,36,0.54,5.45,0,0,"4
"
37,45,46,30,30,36,36,0.55,5.45,0,0,"4
"
40,45,48,35,35,38,38,0.57,5.45,0,0,"4
"
40,45,48,35,35,38,38,0.56,5.45,0,0,"4
"
40,41,48,35,35,38,38,0.51,5.45,0,0,"4
"
43,41,47,33,33,39,39,0.47,5.45,0,0,"4
"
43,41,47,33,33,39,39,0.43,5.45,0,0,"4
"
41,46,47,33,33,39,39,0.48,5.45,0,0,"4
"
41,46,48,34,34,39,39,0.54,5.45,0,0,"4
"
41,47,48,34,34,39,39,0.60,5.45,0,0,"4
"
39,47,46,38,38,39,39,0.54,5.45,0,0,"4
"
39,47,46,38,38,38,38,0.52,5.36,0,0,"4
"
39,43,46,38,38,38,38,0.56,5.36,0,0,"4
"
36,43,50,31,31,38,38,0.57,5.36,0,0,"4
"
36,43,50,31,31,38,38,0.58,5.36,0,0,"4
"
36,44,50,31,31,38,38,0.60,5.36,0,0,"4
"
39,44,47,33,33,37,37,0.55,5.36,0,0,"4
"
39,44,47,33,33,37,37,0.51,5.36,0,0,"4
"
40,44,47,33,33,37,37,0.53,5.36,0,0,"4
"
40,44,52,34,34,41,41,0.56,5.36,0,0,"4
"
40,43,52,34,34,41,41,0.58,5.36,0,0,"4
"
