0.1,0.4,0.5,-0.2,0.1,0.9,-0.2,0.3,0.8,0.0,0.4,0.8,0.2,-0.8,0.2,-0.9,0.1,0.1,1.4,-1.2,-0.6,0.2,0.2,0.1,0.2,-0.1,0.4,0.4,-0.5,0.1,-0.1,0.4,0.2,0.3,0.7,0.4,0.3,0.7,1.4,1.3,0.1,0.3,0.7,0.9,0.7,0.9,-0.5,-0.2,-0.0086,16,0,"30
"
-0.2,0.5,0.6,-0.4,-0.1,0.8,-0.0,0.1,0.3,-0.0,0.1,0.8,0.4,-0.7,0.1,-0.8,0.2,0.4,1.8,-1.3,-0.6,0.4,0.2,0.1,0.4,0.2,0.3,0.6,-0.8,0.1,-0.2,0.5,-0.1,0.1,0.7,0.4,0.4,0.5,1.6,1.1,-0.1,0.5,0.6,1.1,0.8,1.1,-0.3,-0.2,-0.0080,16,0,"30
"
-0.2,0.4,1.1,-0.5,-0.4,0.6,0.2,-0.0,0.1,-0.2,0.1,1.0,0.4,-0.8,0.2,-0.6,0.1,0.4,1.8,-0.8,-0.3,0.1,0.3,-0.0,0.3,0.3,0.7,0.5,-0.6,-0.0,-0.1,0.6,-0.0,-0.0,1.1,0.3,0.5,0.8,1.5,1.1,0.1,0.6,0.4,1.0,0.7,1.5,-0.4,0.1,-0.0064,16,0,"30
"
-0.1,0.3,1.4,-0.3,-0.4,0.6,0.2,0.2,0.2,-0.2,0.2,0.9,0.4,-0.9,0.3,-0.7,-0.1,0.5,1.5,-0.6,-0.1,0.0,0.4,0.2,0.1,0.5,0.5,0.7,-0.8,0.0,-0.0,0.6,0.2,-0.5,1.1,0.3,0.5,0.7,1.5,1.0,0.1,0.3,0.6,0.9,0.6,1.4,-0.6,0.1,-0.0075,16,0,"30
"
-0.1,0.2,1.4,-0.2,-0.4,0.5,0.2,0.4,0.2,-0.6,0.5,0.7,0.1,-0.7,0.5,-0.3,-0.1,0.2,1.2,-0.8,-0.0,-0.1,0.5,0.2,0.2,0.2,0.5,0.6,-1.1,-0.3,-0.2,0.7,0.6,-0.7,1.1,0.3,0.1,1.0,2.0,1.0,0.2,0.1,0.7,1.1,0.4,1.7,-0.7,0.4,-0.0104,16,0,"30
"
-0.0,-0.0,1.5,-0.2,-0.3,0.5,-0.0,0.2,-0.1,-0.5,0.4,0.6,0.1,-0.7,0.5,-0.3,-0.2,0.1,1.0,-0.7,0.0,0.1,0.4,0.2,0.4,0.1,0.3,0.5,-1.2,0.0,-0.1,0.7,0.5,-0.7,1.0,0.4,0.2,1.0,2.6,1.1,-0.0,-0.0,0.5,0.8,0.3,1.7,-0.7,0.4,-0.0121,16,0,"30
"
-0.0,0.1,1.0,-0.1,-0.5,0.5,-0.1,0.4,-0.1,-0.5,0.5,0.3,0.1,-0.7,0.6,-0.3,-0.2,0.1,1.0,-1.2,0.0,0.5,0.5,0.4,-0.0,-0.3,0.2,0.3,-1.1,-0.1,-0.2,0.8,0.7,-0.6,1.2,0.7,0.3,1.1,2.7,0.8,-0.2,-0.2,0.7,0.5,0.6,1.6,-1.0,0.6,-0.0126,16,0,"30
"
0.0,0.1,1.0,-0.1,-0.7,0.7,0.1,0.2,-0.1,-0.4,0.7,0.3,0.0,-0.5,0.9,-0.3,-0.0,0.0,1.1,-1.6,0.2,0.5,0.5,0.4,0.1,0.2,0.1,0.5,-0.8,-0.2,-0.4,1.1,0.6,-0.4,1.2,0.9,0.2,1.3,2.8,0.8,-0.3,-0.1,0.7,0.3,0.4,1.4,-1.0,0.6,-0.0119,16,0,"30
"
-0.1,0.1,0.9,-0.1,-1.1,0.5,-0.1,0.0,-0.1,-0.4,0.7,0.4,0.0,-0.4,1.0,-0.5,0.3,0.3,1.1,-1.4,0.1,0.5,0.4,0.7,0.1,0.3,-0.3,0.6,-0.6,-0.3,-0.5,1.3,0.4,-0.3,1.0,0.6,0.5,1.6,2.7,1.1,0.0,-0.1,0.5,0.3,0.2,1.5,-0.9,0.6,-0.0113,16,0,"30
"
-0.1,0.2,0.9,-0.2,-0.7,0.2,-0.1,-0.1,-0.1,-0.4,0.6,0.6,-0.0,-0.2,0.6,-0.4,0.3,0.1,1.0,-1.6,-0.1,0.2,0.4,0.6,0.1,0.2,-0.4,0.7,-0.6,-0.4,-0.2,1.2,0.6,-0.2,1.0,0.7,0.5,1.6,2.8,0.9,-0.2,-0.4,0.7,0.5,0.2,1.6,-0.8,0.4,-0.0108,16,0,"30
"
-0.1,-0.0,0.7,-0.2,-0.7,0.3,-0.0,-0.5,0.1,-0.4,0.4,0.8,-0.2,-0.2,0.3,-0.6,0.6,0.2,1.2,-1.2,-0.0,0.1,0.1,0.5,-0.1,0.3,-0.2,0.7,-0.6,-0.3,-0.1,1.2,0.5,-0.2,1.1,0.7,0.6,1.4,2.9,0.8,-0.1,-0.6,0.7,0.3,0.3,1.7,-0.7,0.3,-0.0106,16,0,"30
"
0.1,-0.0,0.5,-0.2,-0.3,0.5,0.0,-0.4,0.2,-0.7,0.3,0.8,-0.0,-0.4,0.0,-0.5,0.6,0.5,1.1,-1.1,-0.2,0.2,0.1,0.5,-0.2,0.2,-0.4,0.4,-0.4,-0.2,-0.0,1.1,0.5,-0.1,1.1,0.8,0.3,1.3,2.8,1.1,-0.1,-0.3,0.9,0.3,0.3,1.7,-0.6,0.3,-0.0107,16,0,"30
"
0.1,-0.1,1.1,0.1,-0.6,0.3,0.0,-0.3,0.3,-0.8,0.4,0.6,-0.2,-0.4,0.1,-0.7,0.4,0.7,1.1,-1.0,-0.8,0.1,0.2,0.5,0.1,-0.0,-0.3,0.6,-0.4,-0.2,0.0,1.3,0.3,-0.4,1.2,0.8,0.0,1.5,2.6,0.4,-0.3,0.1,1.0,-0.3,0.1,1.6,-0.4,0.2,-0.0077,16,0,"40
"
0.1,-0.2,0.9,0.0,-0.7,0.2,0.0,-0.2,0.4,-0.7,0.5,0.6,-0.0,-0.3,0.4,-0.8,0.3,0.5,1.4,-0.9,-0.8,0.0,0.5,0.2,0.6,0.1,-0.1,0.5,-0.5,-0.3,0.1,1.5,0.2,-0.1,1.2,0.7,-0.2,2.0,2.4,0.4,-0.4,0.3,0.8,-0.2,0.3,1.5,-0.3,0.2,-0.0055,16,0,"40
"
0.1,-0.1,1.3,-0.0,-0.8,0.1,0.1,-0.3,0.5,-0.6,0.7,0.8,0.5,-0.3,0.4,-1.0,0.2,0.4,1.1,-1.2,-0.8,-0.1,0.7,0.2,0.7,0.2,-0.0,0.8,-0.5,-0.2,0.3,1.4,0.2,0.1,1.2,0.9,-0.4,1.9,2.1,0.0,-0.2,0.6,0.6,-0.3,0.2,1.5,-0.1,0.1,-0.0080,16,0,"40
"
-0.0,-0.2,1.4,0.1,-0.7,-0.1,0.1,-0.2,0.4,-0.6,0.9,0.8,0.6,-0.3,0.5,-0.9,0.1,0.6,1.1,-1.1,-0.8,-0.3,0.9,0.1,0.9,-0.0,-0.1,0.9,-0.5,0.0,0.8,1.7,0.2,0.1,1.1,0.8,-0.5,1.6,1.6,0.1,-0.0,0.8,0.6,-0.2,0.4,1.1,-0.5,0.4,-0.0107,16,0,"40
"
0.2,-0.2,1.0,-0.3,-0.8,-0.2,0.1,-0.4,0.4,-0.3,0.7,1.0,0.3,0.2,0.3,-0.6,0.4,0.5,0.9,-1.0,-0.8,-0.3,0.9,0.1,0.9,-0.1,0.0,1.0,-0.3,0.1,0.9,1.7,0.1,0.1,0.9,0.8,-0.3,1.7,1.2,-0.2,-0.0,0.7,0.8,-0.1,0.4,1.3,-0.3,0.2,-0.0103,16,0,"40
"
0.3,-0.2,1.3,-0.2,-0.7,-0.1,-0.1,-0.5,0.7,-0.7,0.7,0.9,-0.1,0.2,0.5,-0.2,0.3,0.5,0.5,-0.7,-1.0,-0.3,0.8,-0.0,1.3,0.1,0.1,1.0,-0.4,0.1,0.8,1.4,-0.0,0.2,0.8,0.6,0.1,1.5,1.3,-0.1,-0.2,0.5,1.3,0.1,0.5,1.3,-0.4,0.3,-0.0099,16,0,"40
"
0.3,-0.4,1.5,0.2,-0.4,0.1,0.5,-0.2,0.7,-0.6,0.8,1.2,-0.1,0.4,0.6,-0.6,0.5,0.8,0.6,-0.7,-0.9,-0.2,0.6,0.2,1.4,0.0,-0.0,1.2,-0.4,-0.0,0.7,1.7,-0.1,0.2,1.0,0.8,0.0,1.5,1.3,-0.1,-0.2,0.6,1.0,0.1,0.8,1.1,-0.5,-0.0,-0.0100,16,0,"40
"
0.6,-0.3,1.7,0.1,-0.5,0.1,0.4,-0.1,0.4,-0.5,0.6,1.5,-0.3,0.3,0.4,-0.5,0.7,0.8,0.6,-0.5,-1.1,-0.0,0.5,0.4,1.3,-0.0,0.3,1.2,-0.3,0.2,0.5,1.9,-0.1,0.2,1.0,0.7,-0.0,1.3,1.3,0.1,-0.0,0.8,1.0,-0.0,0.9,1.0,-0.7,-0.1,-0.0097,16,0,"40
"
0.5,-0.3,2.0,-0.2,-0.6,-0.3,0.4,-0.0,0.3,-0.3,0.3,1.4,-0.2,0.2,0.6,-0.7,0.9,0.9,0.7,-0.8,-1.2,0.4,0.2,0.2,1.3,-0.4,0.1,1.2,-0.2,0.0,0.3,1.9,-0.2,0.3,0.8,0.7,-0.4,1.3,1.5,0.2,-0.2,0.7,1.3,-0.1,0.5,1.2,-0.7,-0.2,-0.0094,16,0,"40
"
0.6,0.1,2.3,-0.0,-0.6,-0.1,0.3,0.0,0.6,-0.5,0.2,1.4,-0.4,0.5,0.6,-0.6,0.7,0.7,0.5,-0.9,-1.3,0.4,0.4,0.2,1.2,-0.5,0.2,1.3,-0.2,0.1,0.4,1.8,-0.1,0.2,1.0,0.8,-0.4,1.3,1.5,0.0,-0.3,1.1,1.3,-0.6,0.6,1.0,-0.6,-0.0,-0.0094,16,0,"40
"
0.2,0.2,2.2,0.1,-0.8,-0.2,0.3,-0.3,0.6,-0.3,-0.0,1.1,-0.2,0.4,0.5,-0.7,0.7,0.6,0.6,-1.0,-1.2,0.6,-0.1,0.0,1.2,-0.5,0.3,0.9,-0.3,-0.2,0.4,1.8,-0.2,0.5,1.2,1.2,-0.3,0.9,1.3,0.2,-0.5,1.3,1.1,-0.4,0.8,1.2,-0.6,-0.1,-0.0094,16,0,"40
"
-0.1,0.5,2.1,-0.3,-1.2,-0.4,0.1,-0.3,0.8,-0.4,-0.0,1.2,-0.3,-0.1,0.5,-0.6,0.7,0.5,0.5,-0.8,-1.2,0.6,-0.1,-0.1,1.3,-0.6,0.1,0.7,-0.3,-0.1,0.4,1.6,-0.1,0.6,1.1,1.3,-0.5,1.0,1.1,0.2,-0.2,1.6,0.7,-0.8,0.9,1.2,-0.5,-0.3,-0.0095,16,0,"40
"
-0.1,0.4,1.7,-0.6,-1.2,-0.5,0.1,-0.7,0.5,-0.4,0.3,1.0,-0.6,-0.2,0.7,-0.4,0.7,0.3,0.5,-0.9,-1.4,0.8,0.1,-0.0,1.3,-0.9,0.0,0.8,-0.5,-0.1,0.2,1.5,-0.2,0.6,1.3,1.3,-0.3,1.1,1.2,0.2,-0.4,1.5,0.7,-0.8,0.9,1.2,-0.6,-0.2,-0.0026,16,0,"50
"
-0.4,0.5,1.6,-0.3,-1.0,-0.7,0.1,-0.6,0.4,-0.7,0.4,0.6,-0.5,-0.4,0.5,-0.4,0.4,0.3,0.6,-0.8,-1.5,0.9,0.4,-0.2,1.2,-0.9,-0.1,0.3,-0.7,0.2,0.1,1.1,-0.2,0.5,1.2,1.3,-0.4,0.9,1.5,0.1,-0.2,1.1,0.7,-0.8,1.3,1.2,-0.5,-0.2,-0.0063,16,0,"50
"
-0.5,0.5,1.3,-0.3,-1.1,-0.5,0.1,-0.6,0.5,-0.6,0.1,0.3,-0.3,-0.2,0.4,-0.7,0.4,0.0,0.5,-1.0,-1.2,0.7,-0.0,-0.4,1.4,-0.7,0.2,0.5,-0.5,0.2,0.1,1.2,-0.3,0.6,1.2,1.2,-0.2,0.8,1.7,0.1,0.0,1.0,0.7,-0.5,1.2,1.1,-0.2,0.1,-0.0032,16,0,"50
"
-0.2,0.3,1.0,-0.3,-0.9,-0.3,0.1,-0.8,0.5,-0.4,0.1,0.4,-0.4,-0.5,0.6,-0.6,0.3,-0.2,0.7,-0.9,-1.1,0.7,-0.4,-0.3,1.3,-0.6,0.1,0.8,-0.0,0.4,0.1,1.2,-0.4,0.6,1.1,1.4,-0.2,0.7,2.0,0.3,-0.0,1.2,0.5,-0.2,1.0,0.6,-0.2,0.3,0.0970,16,0,"50
"
-0.5,0.4,1.0,0.0,-1.1,-0.1,0.3,-1.1,0.6,-0.6,-0.1,0.4,-0.2,-0.6,0.8,-0.4,0.4,-0.4,0.2,-1.0,-0.9,0.7,-0.6,-0.1,0.9,-0.2,0.3,0.9,-0.1,0.4,0.2,1.2,-0.6,0.2,0.9,1.2,0.1,0.5,1.7,0.5,-0.0,0.7,0.6,0.1,1.3,0.4,-0.7,0.3,0.2740,16,0,"50
"
-0.9,0.4,0.9,0.3,-0.8,-0.5,0.4,-1.2,0.6,-0.5,0.0,0.5,-0.2,-0.6,0.6,-0.6,0.3,-0.3,0.2,-1.1,-0.2,0.5,-0.7,-0.2,0.9,-0.0,0.2,1.0,0.1,0.5,0.5,1.0,-0.6,0.2,0.8,1.0,0.4,0.5,1.6,0.6,0.1,0.7,0.2,-0.1,1.1,0.5,-0.8,0.4,0.3468,16,0,"50
"
-0.9,0.5,0.9,-0.1,-1.0,-0.0,0.4,-1.3,0.3,-0.1,0.2,0.7,-0.0,-0.7,0.6,-0.4,0.2,-0.3,0.1,-1.0,-0.0,0.3,-0.8,0.1,0.8,0.1,0.1,0.8,-0.1,0.3,0.1,1.3,-0.6,0.5,0.3,1.0,0.3,0.1,1.4,0.5,-0.1,1.0,0.2,0.5,1.2,0.7,-0.7,0.6,0.3685,16,0,"50
"
-1.2,0.4,1.0,-0.5,-1.0,0.1,0.2,-1.2,0.6,-0.3,-0.1,0.9,-0.0,-0.4,0.4,-0.3,0.4,-0.3,0.2,-1.2,0.0,0.5,-1.0,0.1,0.6,0.4,-0.0,1.1,-0.2,0.6,0.2,1.2,-0.6,0.6,0.1,1.0,0.4,-0.0,1.9,0.3,-0.1,1.0,0.1,0.6,1.4,0.8,-0.7,0.1,0.3728,16,0,"50
"
-1.3,0.2,0.8,-0.1,-0.9,0.2,0.2,-0.9,0.3,-0.6,0.1,0.8,0.1,-0.2,0.3,-0.3,0.3,-0.4,0.2,-1.3,-0.1,0.1,-1.5,0.3,0.2,0.4,-0.1,1.1,-0.1,0.6,0.0,1.0,-0.8,0.4,0.1,1.0,0.4,0.0,1.8,0.3,-0.1,1.2,-0.2,0.7,1.2,0.7,-0.8,0.1,0.3740,16,0,"50
"
-1.2,0.3,0.8,-0.3,-0.8,0.1,0.3,-0.6,0.4,-0.7,0.2,0.5,0.4,-0.4,0.2,-0.2,0.4,0.1,1.0,-1.6,0.1,-0.0,-1.8,0.1,0.2,0.7,-0.3,1.5,-0.2,0.5,0.2,1.0,-0.8,0.7,0.0,1.4,0.3,0.1,2.1,0.3,-0.1,1.0,0.5,0.8,0.9,0.6,-1.0,0.4,0.3735,16,0,"50
"
-1.0,0.2,1.0,-0.3,-0.8,0.3,0.3,-0.8,0.6,-0.7,0.2,0.4,0.5,-0.5,0.1,-0.4,0.3,0.2,1.3,-1.8,0.3,0.1,-1.7,-0.0,0.1,0.5,-0.3,1.4,-0.3,0.7,0.1,0.8,-0.9,0.8,-0.5,1.6,0.4,-0.1,2.1,0.1,-0.1,0.9,0.2,0.5,0.8,0.4,-0.9,0.4,0.3741,16,0,"50
"
-1.0,0.3,1.4,-0.5,-0.7,0.5,0.3,-0.7,0.3,-0.6,-0.1,0.3,0.1,-0.6,0.2,-0.3,0.3,0.5,1.4,-2.1,0.3,0.2,-1.9,0.0,0.1,0.5,-0.2,1.9,-0.1,0.4,0.1,0.8,-1.0,0.9,-0.7,1.9,0.8,-0.3,2.2,-0.0,-0.1,1.1,-0.2,0.5,0.6,0.5,-0.9,0.8,0.3746,16,0,"50
"
-0.6,0.2,1.5,-0.5,-0.8,0.1,0.2,-0.7,0.4,-0.2,0.1,0.2,0.4,-0.4,0.1,-0.5,0.1,0.7,1.1,-1.8,0.1,0.4,-1.9,0.1,-0.1,0.7,-0.2,1.8,-0.0,0.2,-0.0,0.9,-1.3,0.8,-0.6,1.7,0.3,-0.4,1.9,-0.1,0.1,1.3,-0.2,0.4,0.5,0.3,-0.5,0.7,0.0356,16,0,"60
"
-0.5,0.2,1.0,-0.1,-0.7,-0.2,0.4,-0.9,0.5,-0.6,0.0,0.1,0.3,-0.5,0.2,-0.6,-0.2,0.5,1.2,-1.6,-0.2,0.3,-1.8,-0.1,0.3,0.6,-0.3,1.6,0.2,-0.1,-0.1,0.9,-1.3,0.8,-0.5,1.6,0.4,-0.1,1.8,-0.1,-0.1,0.9,-0.2,0.6,0.3,0.5,-0.6,0.7,0.0230,16,0,"60
"
-0.2,0.1,1.0,-0.1,-0.8,-0.6,0.3,-0.9,0.2,-0.5,0.0,0.2,0.4,-0.5,0.3,-0.4,-0.3,0.6,1.2,-1.6,0.0,0.3,-1.8,-0.0,0.6,0.6,-0.5,1.2,0.2,0.5,-0.1,0.7,-1.6,0.6,-0.3,1.7,0.6,0.1,1.4,-0.2,-0.1,1.1,0.1,0.7,0.2,0.6,-0.5,0.3,0.1190,16,0,"60
"
-0.3,0.1,0.4,-0.2,-0.8,-0.5,0.3,-1.0,0.2,-0.5,-0.0,0.3,0.3,-0.4,0.3,-0.2,-0.3,1.0,1.0,-1.2,0.0,0.2,-2.0,0.0,0.5,0.6,-0.3,0.7,0.4,0.3,-0.3,0.8,-1.4,0.5,-0.2,1.4,0.6,0.8,1.2,0.1,-0.3,1.0,0.2,0.6,-0.1,0.7,-0.6,-0.1,0.5144,16,0,"60
"
-0.4,0.1,0.2,-0.4,-0.9,-0.0,0.3,-1.0,-0.2,-0.4,-0.0,0.2,0.6,-0.1,0.5,-0.2,-0.3,1.3,0.9,-1.1,-0.3,0.1,-2.7,0.1,0.2,0.5,-0.5,0.6,0.1,0.5,-0.4,1.0,-1.3,0.3,-0.4,1.5,0.5,0.7,1.1,-0.1,-0.1,0.8,0.1,0.7,-0.0,0.6,-0.7,-0.4,1.0328,16,0,"60
"
-0.2,0.0,0.1,-0.5,-0.6,-0.1,0.1,-0.6,-0.0,-0.4,0.1,-0.2,0.5,0.1,0.2,-0.6,-0.3,1.0,0.9,-0.7,-0.7,0.0,-3.6,0.4,0.0,0.4,-0.5,0.6,-0.0,0.3,-0.1,0.8,-1.3,0.3,-0.3,1.6,0.5,0.7,1.0,-0.2,-0.1,0.5,0.4,0.6,0.2,0.4,-0.6,-0.2,1.2999,16,0,"60
"
-0.3,-0.2,0.0,-0.8,-0.7,-0.3,0.1,-0.4,0.1,-0.0,0.1,-0.2,0.5,0.0,-0.0,-0.5,-0.3,0.6,0.9,-0.2,-0.7,0.1,-4.4,0.2,-0.1,0.4,-0.5,0.4,0.2,0.3,0.1,0.8,-1.4,0.3,-0.3,1.7,0.6,0.3,1.0,-0.3,-0.2,0.3,0.4,0.6,0.1,0.4,-0.6,-0.1,1.3585,16,0,"60
"
-0.4,-0.2,-0.0,-0.9,-0.6,-0.1,0.3,0.2,0.1,-0.2,0.2,-0.1,0.8,-0.0,-0.1,-0.8,-0.1,0.8,0.7,-0.0,-0.7,0.0,-4.8,0.2,0.0,0.5,-0.5,0.3,0.6,0.4,0.3,0.5,-1.3,0.3,-0.2,1.9,0.5,0.1,0.9,-0.4,-0.2,0.4,0.5,0.3,0.1,0.2,-0.8,0.0,1.3603,16,0,"60
"
-0.3,0.0,-0.2,-1.1,-0.5,-0.5,0.4,0.2,-0.3,-0.1,0.1,0.1,0.6,0.1,-0.8,-0.7,0.2,0.5,0.9,0.0,-0.7,0.1,-5.4,0.2,-0.1,0.5,-0.7,0.7,0.6,0.4,0.3,0.2,-1.3,-0.1,-0.0,1.6,0.2,0.1,1.0,-0.4,-0.2,0.2,0.7,-0.0,-0.0,0.4,-1.1,-0.2,1.3605,16,0,"60
"
0.1,0.2,0.1,-1.0,-0.3,-0.5,0.2,0.2,-0.4,0.2,0.1,0.2,0.7,0.2,-0.6,-0.5,0.1,0.5,0.9,-0.0,-0.4,0.4,-5.3,0.2,-0.6,0.1,-0.5,0.8,0.5,0.6,0.3,0.4,-1.0,0.1,0.1,1.2,0.3,0.2,1.1,-0.3,-0.2,0.0,0.5,0.2,0.2,0.7,-0.9,-0.4,1.3603,16,0,"60
"
0.5,-0.1,-0.1,-0.4,-0.1,-0.6,0.4,0.2,-0.6,0.1,-0.5,0.1,0.7,-0.3,-0.4,-0.5,0.0,0.8,1.2,-0.1,-0.5,0.4,-5.4,0.1,-0.3,0.2,-0.8,0.7,0.5,0.4,0.5,0.3,-1.0,-0.0,-0.1,0.7,0.0,-0.1,0.9,-0.0,-0.3,0.2,0.4,0.4,0.1,0.6,-0.8,-0.4,1.3600,16,0,"60
"
0.2,-0.1,0.0,-0.5,-0.3,-0.4,0.5,0.2,-0.7,-0.1,-0.2,0.0,0.2,-0.5,-0.5,-0.6,0.3,0.6,1.0,-0.2,-0.4,0.6,-5.9,0.3,-0.1,0.1,-0.9,1.1,0.7,0.5,0.3,0.4,-0.8,0.0,-0.1,0.6,-0.0,-0.4,0.7,0.5,-0.5,0.4,0.6,0.5,0.1,0.7,-0.7,-0.8,1.3598,16,0,"60
"
0.2,0.1,0.5,-0.7,-0.4,-0.3,0.4,0.1,-0.2,0.0,-0.2,-0.0,0.0,-0.4,-0.2,-0.7,-0.1,0.5,1.5,0.1,-0.6,0.4,-5.7,0.3,0.1,0.1,-1.0,1.3,0.3,0.5,0.4,0.2,-0.6,0.1,-0.2,0.3,0.3,-0.3,0.3,0.8,-0.4,0.3,0.6,0.3,-0.2,0.8,-1.1,-0.6,1.3483,16,0,"70
"
0.4,0.0,0.3,-0.6,-0.4,-0.1,0.0,0.1,-0.2,-0.0,-0.2,-0.2,0.2,-0.4,0.1,-0.5,-0.3,0.5,2.0,0.5,-0.6,0.3,-6.0,0.3,-0.1,0.2,-1.1,1.3,0.3,0.4,0.3,0.3,-0.6,0.2,-0.2,0.3,0.0,-0.2,0.1,0.7,-0.3,0.3,0.5,0.1,-0.3,0.6,-1.5,-0.0,1.3480,16,0,"70
"
0.2,0.4,0.4,-0.7,-0.2,-0.0,0.2,-0.0,-0.0,-0.0,-0.0,-0.1,0.5,-0.2,0.2,-0.8,-0.3,0.6,1.9,0.3,-0.5,0.3,-6.3,0.3,-0.1,0.3,-1.0,1.1,0.3,0.4,0.6,0.2,-0.4,-0.1,-0.5,0.1,0.2,-0.1,0.2,0.8,-0.6,0.3,0.2,0.1,0.0,0.2,-1.4,0.4,1.3478,16,0,"70
"
-0.2,0.6,-0.0,-0.7,-0.7,-0.1,0.2,0.0,0.3,-0.3,0.3,0.2,0.5,-0.2,0.5,-0.7,-0.3,0.9,2.2,0.0,-0.7,0.2,-6.8,0.4,-0.1,0.3,-0.7,1.0,0.4,0.4,0.5,0.4,-0.3,-0.0,-0.9,0.3,0.1,-0.2,0.4,0.7,-0.7,0.4,0.1,0.3,-0.1,0.4,-1.4,0.2,1.3478,16,0,"70
"
-0.3,0.5,-0.2,-0.8,-0.8,-0.1,0.4,0.1,0.4,-0.3,0.2,-0.0,0.4,-0.0,0.3,-0.6,-0.3,0.7,1.8,0.3,-1.1,0.1,-6.5,0.4,-0.1,0.8,-0.5,1.0,0.5,0.4,0.5,0.1,-0.2,0.0,-0.9,0.1,0.2,-0.4,0.4,0.8,-0.8,0.4,-0.1,0.1,-0.0,0.3,-1.2,0.1,1.3475,16,0,"70
"
-0.5,0.4,-0.4,-0.2,-0.7,-0.2,0.3,-0.1,1.0,-0.4,0.3,0.1,0.7,0.1,0.0,-0.7,-0.1,0.6,2.0,0.5,-1.0,0.2,-6.4,0.5,-0.1,0.6,-0.5,0.8,0.4,0.4,0.6,0.3,-0.3,0.0,-1.0,-0.1,-0.0,-0.7,0.4,0.9,-0.7,0.3,0.0,-0.3,0.4,0.2,-1.3,-0.3,1.3477,16,0,"70
"
-0.4,0.1,-0.4,-0.6,-0.6,-0.4,0.3,0.0,0.8,-0.6,0.2,0.1,0.9,0.1,-0.2,-0.7,-0.2,0.6,2.0,0.3,-1.2,0.1,-6.4,0.5,0.1,0.8,-0.3,0.8,0.4,0.2,0.7,0.2,-0.3,-0.1,-1.3,0.1,0.1,-0.7,0.5,1.1,-0.4,0.3,0.1,-0.2,0.4,-0.2,-1.5,-0.5,1.3475,16,0,"70
"
-0.5,0.6,-0.2,-0.4,-0.5,-0.5,0.4,-0.1,0.8,-0.8,0.2,-0.0,0.9,0.2,-0.4,-0.3,-0.2,0.8,2.1,0.2,-0.8,0.2,-6.3,0.4,0.3,1.1,-0.2,0.8,0.2,0.2,0.8,0.2,-0.2,-0.0,-1.1,0.3,0.6,-0.5,0.5,1.1,-0.7,0.1,0.2,-0.3,0.0,-0.3,-1.6,-0.5,1.3470,16,0,"70
"
-0.6,1.0,-0.0,-0.0,-0.4,-0.5,0.2,-0.4,0.8,-0.7,0.3,-0.4,0.9,0.3,-0.4,0.2,-0.2,1.0,1.9,0.2,-0.8,0.1,-6.3,0.6,0.2,0.9,-0.1,0.7,0.4,0.4,1.1,0.3,0.1,0.2,-1.1,0.4,0.8,-0.4,0.7,1.5,-0.8,-0.0,0.1,-0.2,-0.1,-0.3,-1.7,-0.3,1.3470,16,0,"70
"
-0.4,0.8,0.1,0.1,-0.2,-0.5,0.2,-0.3,0.6,-1.0,0.4,-0.5,0.7,0.4,-0.5,0.3,-0.2,1.1,1.7,0.3,-1.0,0.2,-6.1,0.4,0.0,0.7,-0.3,0.8,0.6,0.2,0.9,0.4,-0.1,0.3,-1.1,0.5,1.1,-0.3,0.6,1.3,-0.3,-0.2,0.1,-0.2,0.3,-0.6,-1.6,-0.5,1.3468,16,0,"70
"
-0.2,1.0,0.4,-0.1,0.1,-0.3,0.2,-0.0,0.8,-1.0,0.6,-0.6,0.8,0.4,-0.5,0.0,-0.6,1.2,1.9,0.3,-0.8,0.4,-6.1,0.3,-0.1,0.7,-0.2,0.5,0.6,0.4,0.8,0.2,0.2,0.5,-0.9,0.4,1.0,0.2,0.6,1.3,-0.1,0.0,0.2,-0.1,0.5,-0.6,-1.7,-0.5,1.3463,16,0,"70
"
-0.1,1.0,0.3,-0.0,0.4,-0.2,0.2,0.2,0.7,-1.2,0.8,-0.9,0.6,0.3,-0.7,-0.2,-0.5,1.2,1.9,0.7,-0.8,0.6,-6.1,-0.0,-0.1,0.9,-0.1,0.2,0.7,0.5,0.6,0.3,-0.1,0.6,-0.9,0.5,0.8,0.2,0.4,1.1,0.1,-0.1,0.3,0.3,0.8,-0.6,-1.8,-0.5,1.3459,16,0,"70
"
0.1,0.9,0.3,-0.1,0.5,0.1,0.2,0.2,0.4,-0.8,0.8,-0.6,0.7,0.2,-0.8,-0.2,-0.5,0.9,1.4,0.5,-0.4,0.6,-4.9,0.2,0.2,0.7,-0.1,0.2,0.7,0.7,0.7,0.6,-0.4,0.2,-0.9,0.8,0.7,0.0,0.0,1.0,0.2,0.3,0.3,0.3,0.9,-0.6,-1.5,-0.2,0.0690,16,5,"30
"
-0.1,0.6,0.1,-0.1,0.5,-0.1,0.2,-0.3,0.1,-0.7,0.7,-0.6,0.4,0.3,-0.7,-0.6,-0.4,0.9,1.0,0.3,-0.0,0.8,-4.1,0.4,0.4,0.5,-0.7,0.4,0.3,0.4,0.8,0.5,-0.8,0.2,-1.1,0.8,0.5,0.1,-0.1,0.7,0.2,-0.1,0.6,-0.1,0.6,-0.5,-1.3,-0.4,0.0639,16,5,"30
"
-0.2,0.6,-0.1,-0.1,0.8,-0.2,-0.0,-0.5,0.1,-0.8,0.9,-0.4,0.3,0.1,-0.6,-0.3,-0.4,1.1,0.5,0.3,0.0,0.7,-3.3,0.2,0.1,0.4,-0.8,0.2,0.3,0.4,0.5,0.5,-0.7,0.2,-0.8,0.9,0.6,0.1,-0.2,0.4,0.6,0.3,0.9,-0.2,0.1,-0.4,-1.4,-0.4,0.0546,16,5,"30
"
-0.3,0.5,0.2,-0.3,0.9,-0.0,0.0,-0.7,0.0,-0.7,0.5,-0.5,0.1,0.5,-0.6,-0.3,-0.6,1.0,0.4,0.0,-0.1,0.7,-3.1,0.4,0.3,0.3,-0.9,0.0,-0.0,0.4,0.7,0.8,-0.6,0.2,-1.0,0.4,0.6,-0.0,-0.2,0.4,0.3,0.4,0.9,-0.4,-0.0,-0.4,-1.1,-0.2,0.0462,16,5,"30
"
-0.2,0.2,0.3,-0.3,0.8,-0.1,0.0,-0.7,0.0,-0.8,0.2,-0.3,0.2,0.6,-0.7,-0.5,-0.7,0.6,0.3,0.1,0.3,0.9,-2.7,0.0,0.2,0.2,-0.8,0.2,-0.4,0.4,0.4,0.8,-0.7,0.4,-0.8,0.7,0.8,0.0,-0.1,0.2,0.6,0.4,0.7,-0.3,-0.1,-0.3,-1.1,-0.1,0.0431,16,5,"30
"
-0.0,0.2,0.2,0.0,0.4,0.0,0.2,-0.7,0.2,-0.9,0.0,-0.1,0.2,0.6,-0.7,-0.5,-0.6,0.5,0.5,0.0,-0.1,0.7,-2.3,0.0,0.4,-0.0,-0.8,0.3,-0.3,0.7,0.4,0.8,-0.5,0.4,-0.7,0.9,0.8,0.4,-0.2,0.2,0.6,0.3,1.2,-0.2,-0.0,-0.1,-0.8,-0.0,0.0430,16,5,"30
"
-0.3,-0.0,-0.1,0.3,0.3,0.1,0.4,-0.7,0.1,-0.8,0.3,0.0,0.1,0.5,-0.6,-0.6,-0.7,0.5,0.6,-0.1,0.1,0.8,-1.6,0.2,0.5,-0.1,-0.6,0.3,-0.2,0.6,0.4,0.5,-0.9,0.3,-0.6,0.8,0.6,0.7,-0.1,0.6,0.9,0.3,1.1,-0.5,-0.6,-0.2,-0.7,0.3,0.0418,16,5,"30
"
-0.2,-0.2,0.2,0.2,0.3,-0.3,0.3,-0.4,0.2,-0.7,0.1,0.3,-0.1,0.7,-0.4,-0.7,-0.7,0.4,0.3,-0.2,0.5,1.1,-1.2,0.4,0.7,-0.4,-0.4,0.3,-0.1,0.6,0.4,0.4,-0.9,0.1,-0.3,0.8,0.5,0.7,-0.2,0.7,0.9,0.3,1.0,-0.4,-0.5,0.2,-0.6,0.3,0.0386,16,5,"30
"
-0.0,-0.4,0.2,0.1,0.0,0.0,0.3,-0.4,0.5,-0.6,-0.1,0.4,-0.4,0.7,-0.1,-1.0,-0.6,0.5,-0.1,-0.2,0.6,1.2,-1.0,0.1,0.6,-0.7,-0.6,0.3,0.2,0.4,0.7,0.2,-0.8,0.5,-0.6,1.0,0.9,0.4,-0.1,0.6,0.7,0.4,1.2,-0.4,-0.0,0.2,-0.5,0.3,0.0363,16,5,"30
"
-0.2,-0.2,0.6,0.0,-0.3,-0.1,0.1,-0.5,0.7,-0.7,-0.3,0.3,-0.5,0.6,-0.1,-1.0,-0.4,0.2,0.2,-0.6,0.7,1.1,-0.7,-0.1,0.3,-0.8,-0.6,0.3,0.1,0.5,0.5,0.1,-0.6,0.6,-0.4,0.9,0.7,0.4,-0.2,0.6,0.6,0.7,0.9,-0.5,0.1,0.4,-0.6,0.2,0.0341,16,5,"30
"
-0.1,-0.2,0.1,-0.2,-0.6,-0.1,0.1,-0.5,0.7,-0.6,-0.6,0.0,-0.3,0.8,-0.2,-0.7,-0.0,0.1,-0.0,-0.7,0.4,0.8,-0.4,-0.4,0.4,-1.2,-0.7,0.3,0.1,0.5,0.4,-0.1,-0.8,0.7,-0.3,0.9,0.7,0.6,-0.1,0.2,0.5,0.8,0.9,-0.7,0.1,0.5,-0.7,0.3,0.0318,16,5,"30
"
0.3,-0.2,0.2,0.1,-0.4,-0.2,-0.1,-0.5,0.8,-0.6,-0.4,0.1,-0.3,0.8,-0.2,-0.5,0.3,-0.1,-0.0,-0.5,0.6,0.8,-0.2,-0.4,0.5,-1.6,-0.7,0.3,0.2,0.5,0.6,-0.2,-0.6,0.3,-0.3,0.8,0.6,0.4,-0.2,0.2,0.7,1.2,0.8,-0.9,-0.0,0.7,-0.5,0.1,0.0305,16,5,"30
"
0.2,0.0,0.1,0.4,-0.4,-0.0,-0.2,-0.2,0.8,-0.5,-0.3,0.2,-0.1,0.6,0.1,-0.3,0.3,-0.1,0.3,-0.7,0.5,0.8,-0.2,-0.3,0.3,-1.7,-0.6,0.1,0.2,0.4,0.7,-0.5,-0.4,0.5,-0.6,0.5,0.4,0.7,0.1,0.4,0.4,1.3,0.7,-0.7,-0.3,0.8,-0.3,-0.1,0.0261,16,5,"40
"
0.2,0.2,0.1,0.4,-0.2,0.1,0.0,-0.2,0.8,-0.5,-0.1,0.1,0.1,0.8,0.0,-0.1,0.1,-0.1,0.2,-0.7,0.1,0.4,-0.3,-0.2,0.4,-1.4,-0.4,-0.0,0.1,0.4,1.1,-0.3,-0.5,0.2,-0.5,0.6,0.5,0.6,-0.0,0.5,0.2,1.3,0.5,-0.5,-0.2,1.0,-0.1,-0.0,0.0259,16,5,"40
"
-0.1,0.3,0.0,0.8,-0.2,-0.1,0.1,-0.3,0.5,-0.2,0.0,0.2,-0.1,0.8,-0.2,-0.0,0.3,0.2,0.2,-0.9,-0.2,0.1,0.4,-0.4,0.4,-1.2,-0.3,-0.1,0.0,-0.1,0.5,0.1,-0.4,0.4,-0.3,0.7,0.9,0.2,-0.4,0.6,0.4,1.3,0.8,-0.6,-0.3,1.4,-0.1,0.1,0.0202,16,5,"40
"
-0.3,0.4,-0.0,0.6,-0.3,-0.1,-0.1,-0.2,0.4,-0.1,-0.2,-0.1,-0.3,1.1,-0.2,0.1,0.2,0.6,0.4,-1.4,0.1,0.2,0.5,-0.1,0.5,-1.2,0.0,-0.1,-0.2,-0.0,0.5,0.0,-0.1,0.5,-0.1,0.8,1.2,0.6,-0.2,0.5,0.4,1.1,0.4,-0.5,-0.4,1.7,-0.1,0.1,0.0201,16,5,"40
"
-0.2,0.1,0.1,0.5,-0.3,-0.0,-0.0,-0.1,0.3,0.1,-0.2,0.1,-0.4,1.4,-0.1,-0.2,0.1,0.5,0.1,-1.4,0.1,0.3,0.4,-0.4,0.8,-1.1,-0.4,-0.2,0.1,-0.1,0.5,0.2,-0.2,0.5,0.1,0.5,0.8,0.4,0.0,0.7,0.7,0.6,0.8,-0.3,-0.3,1.5,0.0,-0.1,0.0194,16,5,"40
"
-0.3,0.1,-0.1,0.3,-0.4,-0.1,-0.2,-0.4,0.4,-0.3,-0.2,0.2,-0.4,1.0,0.0,-0.0,0.0,0.3,0.1,-1.2,-0.1,0.3,0.5,-0.4,0.8,-0.9,-0.4,-0.3,0.1,0.3,0.3,0.5,-0.2,0.6,0.2,0.3,0.6,0.2,-0.2,0.6,0.7,0.7,0.8,-0.2,-0.5,1.4,-0.0,0.3,0.0190,16,5,"40
"
-0.7,-0.1,0.4,0.4,-0.2,0.0,0.0,-0.3,0.5,-0.3,0.2,0.1,-0.2,0.8,0.3,-0.2,-0.0,0.4,0.0,-1.1,-0.2,0.4,0.7,-0.3,1.0,-0.8,-0.3,-0.3,0.2,0.3,0.3,0.6,-0.1,0.7,0.3,0.2,0.7,0.2,-0.5,0.7,0.6,0.8,0.8,-0.2,-0.5,1.2,0.3,0.2,0.0187,16,5,"40
"
-0.7,-0.1,0.6,0.4,-0.2,0.1,0.1,-0.2,0.4,-0.6,0.3,0.2,0.2,1.0,0.4,-0.7,-0.1,0.5,0.0,-1.2,-0.5,0.4,0.9,-0.4,0.8,-0.7,-0.3,-0.2,0.2,0.1,0.3,0.6,-0.1,0.6,0.3,0.2,1.0,0.2,-0.3,0.6,1.0,0.8,0.8,0.1,-0.2,1.1,0.2,0.4,0.0182,16,5,"40
"
-0.6,-0.1,0.6,0.5,-0.0,0.0,0.2,-0.4,0.1,-0.7,0.4,0.1,-0.0,0.9,0.2,-0.7,-0.3,0.9,-0.0,-0.9,-0.5,0.4,0.7,-0.6,0.7,-1.1,-0.2,-0.1,0.2,-0.2,0.3,0.7,-0.2,0.6,-0.1,0.3,1.1,0.4,-0.2,0.6,1.0,0.9,0.4,-0.1,-0.3,1.1,0.2,0.6,0.0176,16,5,"40
"
-0.5,-0.1,0.5,0.5,-0.4,0.3,0.1,-0.5,0.2,-0.7,0.5,0.6,-0.0,0.6,0.3,-0.6,-0.1,0.9,-0.4,-1.2,-0.7,0.6,0.6,-0.5,0.6,-1.2,-0.2,-0.1,0.4,-0.3,0.3,0.7,-0.4,0.5,-0.3,0.3,0.9,0.2,-0.1,0.3,1.1,0.6,0.5,-0.2,-0.0,1.1,0.1,0.9,0.0172,16,5,"40
"
-0.2,-0.3,0.3,0.5,-0.7,0.4,-0.1,-0.5,0.5,-0.6,0.7,0.4,0.3,0.8,0.4,-0.9,-0.3,0.8,-0.3,-1.1,-0.9,0.8,0.3,-0.5,0.5,-1.2,-0.3,0.2,0.4,-0.3,0.3,0.9,-0.9,0.5,-0.2,0.4,0.7,0.6,-0.0,0.3,1.3,1.0,0.5,-0.3,0.1,1.3,-0.1,1.2,0.0169,16,5,"40
"
0.0,-0.4,-0.1,0.4,-0.8,0.4,-0.1,-0.2,0.2,-0.7,0.5,0.1,0.4,0.6,0.2,-0.5,-0.6,1.2,-0.5,-1.1,-0.9,0.8,0.1,-0.7,0.6,-1.2,0.0,0.3,0.4,-0.4,0.6,0.9,-0.9,0.2,-0.2,0.4,0.7,0.4,-0.1,0.2,1.0,1.2,0.7,-0.2,0.3,1.3,-0.3,1.2,0.0164,16,5,"40
"
-0.6,-0.4,0.2,0.4,-0.5,0.4,-0.0,0.0,0.2,-0.8,0.6,0.1,0.5,0.6,0.1,-0.4,-0.7,0.9,-0.7,-1.2,-0.9,0.6,0.1,-0.6,0.5,-0.9,-0.0,0.3,0.1,-0.6,0.7,0.8,-0.8,0.2,-0.0,0.3,0.6,0.3,-0.1,0.0,0.8,1.2,0.7,-0.3,0.5,0.8,-0.6,1.3,0.0220,16,5,"50
"
-0.5,-0.3,-0.0,0.1,-0.6,0.3,0.2,-0.3,-0.0,-0.7,0.6,0.0,0.4,1.2,0.2,-0.1,-0.7,0.7,-0.6,-1.1,-0.7,0.6,-0.1,-0.8,0.2,-0.9,0.2,0.5,0.5,-0.5,1.0,1.0,-0.6,0.2,-0.2,0.4,0.6,0.7,-0.1,0.0,0.9,1.0,0.5,-0.0,0.4,0.7,-0.9,1.5,0.0175,16,5,"50
"
-0.6,-0.1,-0.1,0.2,-0.5,0.2,-0.0,-0.2,-0.1,-0.5,0.7,-0.2,0.3,0.9,-0.0,-0.1,-0.6,0.8,-0.2,-1.2,-0.7,0.4,0.0,-0.6,-0.1,-1.0,0.4,0.5,-0.0,-0.5,0.9,0.8,-0.6,0.2,-0.2,0.4,0.6,0.3,0.3,0.2,0.9,0.9,0.7,0.2,0.3,0.8,-0.8,1.3,0.0215,16,5,"50
"
-0.6,-0.5,0.2,0.1,-0.6,0.2,-0.2,-0.3,0.3,-0.4,0.5,-0.2,0.4,0.6,0.1,0.0,-0.7,0.3,-0.4,-1.2,-0.7,0.4,-0.3,-0.5,0.1,-1.0,0.3,0.6,-0.3,-0.4,0.8,0.7,-1.0,-0.1,-0.1,0.5,0.8,0.4,0.3,0.4,0.9,0.8,0.6,0.5,0.3,0.2,-0.7,0.9,0.1320,16,5,"50
"
-0.5,-0.9,0.8,0.1,-0.4,0.1,-0.1,-0.2,0.7,-0.6,0.7,0.1,0.7,0.8,0.0,-0.4,-0.5,0.7,-0.3,-0.9,-0.8,0.3,-0.6,-0.5,-0.3,-0.7,0.2,0.5,-0.3,-0.3,0.7,0.7,-0.9,0.1,-0.3,0.6,0.8,0.8,0.3,0.7,1.2,0.7,0.3,0.3,-0.0,0.4,-0.1,0.8,0.3329,16,5,"50
"
-0.2,-0.9,0.6,-0.0,-0.4,0.2,0.3,0.1,1.1,-0.4,0.8,0.1,0.5,0.5,-0.1,-0.7,-0.1,1.0,0.4,-0.9,-0.6,0.0,-0.4,-0.5,0.1,-0.5,-0.1,0.8,-0.7,-0.2,0.6,0.7,-0.9,0.1,-0.2,0.5,0.8,1.0,0.6,1.1,1.5,0.9,0.7,0.3,-0.1,0.4,-0.1,0.6,0.4243,16,5,"50
"
0.0,-1.0,0.7,-0.1,0.0,0.4,0.1,0.1,1.2,-0.3,0.6,0.0,0.4,0.7,-0.1,-1.0,0.0,1.3,0.6,-1.0,-0.5,0.1,-0.6,-0.4,0.4,-0.1,-0.2,1.1,-0.8,-0.1,0.7,0.8,-0.8,-0.0,-0.2,0.9,1.1,1.2,0.9,1.0,1.2,1.1,0.7,0.1,-0.1,0.2,-0.1,0.6,0.4352,16,5,"50
"
0.2,-1.0,0.8,0.2,-0.4,0.6,-0.1,0.1,1.0,-0.2,0.6,-0.0,0.5,0.4,0.2,-0.8,0.3,1.4,0.5,-1.1,-0.2,0.0,-0.7,-0.5,0.7,-0.1,-0.4,0.9,-0.8,0.1,0.7,0.8,-0.5,-0.1,-0.0,1.1,1.1,1.4,1.0,1.0,1.2,0.8,0.8,-0.2,-0.2,0.0,0.0,0.6,0.4363,16,5,"50
"
0.4,-1.2,0.7,0.1,-0.3,0.5,0.1,0.3,1.3,-0.3,0.8,-0.1,0.2,0.1,-0.2,-1.1,0.4,1.3,0.4,-1.1,0.2,0.1,-0.3,-0.9,0.4,-0.1,-0.6,1.0,-1.1,0.3,0.4,1.0,-0.5,-0.4,-0.0,1.1,1.2,1.4,0.9,0.9,1.1,0.5,0.8,-0.6,-0.1,0.1,-0.3,0.4,0.4370,16,5,"50
"
0.8,-1.3,0.5,-0.3,-0.5,0.2,0.3,-0.0,1.0,-0.3,0.8,0.2,0.4,0.2,-0.1,-1.1,0.9,1.4,0.1,-1.0,0.4,0.2,-0.6,-0.7,0.2,-0.2,-0.4,1.1,-1.2,0.5,0.6,0.8,-0.4,-0.8,-0.0,1.3,1.1,1.5,0.8,1.0,0.8,0.1,1.0,-0.8,0.0,0.1,-0.5,0.6,0.4377,16,5,"50
"
0.7,-1.6,0.4,-0.6,-0.7,0.1,0.3,0.0,1.2,-0.2,1.2,0.1,0.4,0.1,0.0,-1.2,0.9,1.6,0.4,-1.1,0.7,0.3,-0.5,-0.7,-0.0,-0.3,-0.6,1.4,-1.2,0.3,0.9,0.5,-0.7,-0.8,0.1,1.2,0.9,1.7,0.9,1.2,0.9,0.3,1.1,-1.0,0.1,0.3,-0.1,0.4,0.4380,16,5,"50
"
1.1,-1.6,0.3,-0.6,-0.8,-0.0,0.1,-0.1,1.1,-0.0,1.3,0.1,0.5,0.1,0.1,-0.8,0.9,1.6,0.5,-1.0,0.4,0.7,-0.4,-0.7,0.1,-0.3,-0.6,1.7,-1.5,0.3,0.6,0.3,-0.5,-0.5,0.3,1.2,0.7,1.8,1.1,1.5,0.8,0.1,1.5,-0.9,0.1,0.5,-0.1,0.6,0.4389,16,5,"50
"
1.5,-1.5,0.2,-0.2,-0.4,0.1,0.1,-0.5,0.9,0.1,0.9,0.2,0.3,0.2,0.1,-0.4,0.3,1.5,0.4,-0.9,0.6,0.5,-0.4,-0.9,0.1,-0.5,-0.5,1.3,-1.0,0.3,0.6,0.4,-0.7,-0.4,0.4,1.2,0.6,1.9,0.9,1.7,0.8,0.1,1.6,-0.7,-0.0,0.4,0.0,0.4,0.0416,16,5,"60
"
1.4,-1.3,0.1,0.1,-0.0,0.0,0.1,-0.6,0.9,0.1,0.5,0.3,0.2,0.6,-0.2,-0.4,0.4,1.2,0.3,-0.9,0.3,0.5,0.0,-1.0,0.3,-0.4,-0.4,1.0,-0.9,0.3,0.3,0.5,-0.5,-0.3,0.5,1.0,0.8,1.4,0.8,1.6,0.8,0.4,1.4,-0.6,-0.1,0.4,0.0,0.4,0.0321,16,5,"60
"
1.4,-0.9,0.4,0.0,-0.0,-0.1,0.3,-0.6,1.1,0.0,0.3,0.2,0.5,0.5,-0.2,-0.9,0.3,1.1,0.2,-1.0,0.3,0.3,-0.5,-1.0,0.6,-0.4,-0.2,1.2,-1.0,0.5,0.5,0.5,-0.6,-0.3,0.7,1.2,0.8,1.7,0.5,1.5,0.5,0.2,1.1,-0.4,-0.0,0.4,-0.5,0.5,0.0333,16,5,"60
"
0.8,-0.8,0.3,0.1,-0.1,-0.4,0.2,-0.3,0.9,-0.0,0.3,0.1,0.2,0.7,-0.4,-0.8,0.7,1.4,0.5,-0.9,0.3,0.4,-1.1,-0.9,-0.0,-0.5,0.1,1.1,-0.8,0.4,0.1,0.4,-0.6,-0.4,0.4,1.0,0.3,1.5,0.7,1.5,0.6,0.4,1.1,-0.2,0.2,0.5,-0.5,0.5,0.6476,16,5,"60
"
0.5,-0.3,0.3,0.2,0.3,-0.3,0.2,-0.3,0.5,-0.1,0.1,-0.1,0.3,0.7,-0.2,-0.7,0.7,1.3,0.4,-1.0,0.6,0.3,-1.3,-0.9,-0.4,-0.3,0.2,0.8,-0.6,0.7,-0.0,0.5,-0.6,-0.3,0.4,0.8,0.2,1.6,1.0,1.4,0.6,0.3,1.2,0.1,0.1,0.3,-0.9,0.5,1.1308,16,5,"60
"
0.1,-0.5,0.2,0.1,0.2,-0.3,0.0,-0.4,0.6,0.1,0.2,0.0,0.3,1.1,-0.3,-0.6,0.5,1.6,0.8,-0.7,0.7,0.3,-1.6,-0.9,-0.3,-0.3,0.0,0.5,-0.4,0.8,0.2,0.4,-0.4,-0.4,0.1,0.7,0.1,1.8,0.9,1.6,0.7,0.6,0.8,-0.1,-0.2,0.3,-1.1,0.3,1.2648,16,5,"60
"
-0.0,-0.2,0.7,0.2,0.3,0.0,0.1,-0.6,0.6,0.2,0.3,0.1,0.4,0.7,-0.1,-0.7,0.7,1.6,1.0,-0.7,0.9,0.0,-2.0,-0.9,-0.4,-0.3,0.1,0.3,-0.8,0.6,0.4,0.2,-0.3,-0.3,-0.1,0.6,-0.3,1.8,1.1,1.4,0.7,0.7,0.9,0.2,-0.3,0.3,-1.3,0.0,1.2560,16,5,"60
"
0.2,-0.1,0.7,0.1,0.2,-0.0,0.2,-0.5,0.2,0.4,0.2,0.1,0.6,0.5,-0.3,-0.3,0.7,1.6,1.0,-0.8,0.8,-0.0,-2.0,-0.8,-0.0,0.0,-0.1,0.6,-0.6,0.5,0.4,0.1,-0.2,-0.4,-0.6,0.5,-0.3,1.4,1.3,1.5,0.6,1.0,0.7,0.2,-0.3,0.3,-1.1,-0.4,1.2279,16,5,"60
"
0.2,-0.1,0.5,0.1,0.5,-0.1,0.4,-0.3,0.3,0.5,0.3,-0.1,0.3,0.6,-0.5,-0.3,0.9,1.7,0.8,-0.8,0.7,-0.1,-2.0,-0.7,-0.2,-0.0,-0.0,0.7,-0.6,0.8,0.4,0.4,0.1,-0.3,-0.5,0.4,0.2,1.1,1.2,1.6,0.6,0.7,0.7,-0.2,-0.2,0.1,-1.3,-0.4,1.1880,16,5,"60
"
-0.0,0.1,0.6,-0.0,0.4,-0.2,0.3,-0.6,0.7,0.4,-0.1,0.2,0.1,0.3,-0.6,-0.5,0.9,1.5,1.1,-0.4,0.8,-0.3,-2.4,-0.5,-0.5,0.1,0.1,0.8,-0.4,0.6,0.2,0.5,-0.2,-0.2,-0.4,0.4,0.2,0.9,1.0,1.7,0.5,0.4,0.7,-0.3,-0.1,0.3,-1.3,-0.6,1.1955,16,5,"60
"
-0.3,0.2,0.3,-0.1,0.6,-0.0,0.3,-0.6,0.9,0.3,-0.3,-0.1,0.2,0.5,-0.6,-0.3,0.7,1.1,1.1,-0.3,0.7,-0.3,-2.5,-0.4,-0.6,0.2,0.1,1.1,-0.4,0.7,-0.3,0.6,-0.1,-0.3,-0.5,0.8,-0.1,1.0,0.8,1.8,0.2,0.5,0.2,-0.5,-0.2,0.5,-1.4,-0.6,1.2494,16,5,"60
"
-0.1,-0.0,0.2,0.1,0.5,-0.1,0.3,-0.9,0.9,0.0,-0.4,-0.3,-0.2,0.4,-0.9,-0.6,0.5,1.0,1.0,-0.3,1.1,-0.5,-2.9,-0.4,-0.5,-0.0,0.4,1.3,-0.3,0.6,-0.4,0.5,-0.4,-0.4,-0.6,0.5,-0.1,0.9,0.7,2.1,0.0,0.8,0.5,-0.5,-0.1,0.3,-1.4,-0.4,1.3623,16,5,"60
"
-0.5,-0.2,0.3,0.0,0.4,-0.1,0.3,-0.6,1.2,-0.2,-0.7,-0.3,0.0,-0.0,-0.5,-0.9,1.0,1.0,1.0,-0.5,1.3,-0.5,-2.6,-0.2,-0.6,0.3,0.4,1.1,-0.3,0.4,-0.4,0.4,-0.1,-0.1,-0.5,0.8,-0.1,1.0,0.6,2.1,0.3,1.2,0.5,-0.4,-0.2,0.6,-1.0,-0.2,0.0874,16,5,"70
"
-0.4,-0.2,0.3,-0.2,0.5,0.3,0.2,-0.3,0.8,-0.2,-0.4,-0.1,0.0,0.1,-0.6,-1.1,0.8,0.9,1.3,-0.2,1.3,-0.5,-2.5,0.6,-0.5,0.5,0.1,1.1,-0.4,0.6,-0.1,0.7,-0.2,-0.2,-0.3,0.8,0.0,1.0,0.4,1.8,0.4,1.4,0.4,-0.5,-0.1,0.5,-0.9,-0.1,0.0726,16,5,"70
"
-0.5,-0.0,0.2,-0.6,0.4,0.2,0.1,-0.5,0.8,-0.1,-0.4,-0.1,-0.0,-0.3,-0.1,-1.2,0.5,0.6,1.4,-0.1,1.4,-0.5,-2.8,0.2,-0.4,0.6,-0.0,0.8,-0.2,0.8,-0.4,0.7,-0.1,-0.1,-0.2,1.0,-0.0,1.4,0.7,1.5,0.7,1.3,0.6,-0.5,-0.2,0.7,-1.1,-0.2,0.1572,16,5,"70
"
-0.4,-0.0,0.2,-0.5,0.6,0.4,0.1,-0.2,1.0,-0.4,-0.4,0.0,0.3,-0.1,0.1,-1.4,0.5,0.6,1.3,0.0,1.1,-0.6,-3.3,0.4,-0.3,0.6,-0.1,1.2,-0.1,0.8,0.1,0.9,-0.3,0.1,-0.2,1.2,0.1,1.2,0.7,1.3,0.7,1.0,0.8,-0.4,-0.3,0.3,-0.9,-0.2,1.3188,16,5,"70
"
-0.3,-0.0,0.1,-0.7,0.6,-0.0,0.2,0.0,0.8,-0.2,-0.2,-0.0,0.4,-0.1,-0.2,-1.2,0.4,0.7,1.4,0.3,0.6,-0.8,-4.0,0.3,-0.6,0.5,-0.1,1.3,-0.0,0.7,0.3,1.3,-0.2,0.3,-0.2,1.4,0.2,1.2,0.8,1.5,0.6,1.0,0.9,-0.3,-0.3,0.4,-1.0,-0.3,2.0414,16,5,"70
"
-0.4,-0.1,0.4,-0.4,0.7,-0.3,0.2,0.3,0.7,0.1,0.2,-0.2,0.3,0.2,-0.2,-1.2,0.6,0.7,1.3,0.3,0.2,-0.9,-4.5,0.3,-0.3,0.7,-0.2,1.3,-0.3,0.9,0.1,1.4,-0.3,0.4,-0.3,1.3,0.2,1.4,0.6,1.4,0.6,0.7,1.2,-0.2,-0.4,0.4,-1.2,-0.1,2.4535,16,5,"70
"
-0.3,-0.2,0.8,-0.4,1.0,-0.1,0.2,0.4,0.7,-0.3,0.3,-0.6,0.6,0.3,-0.2,-1.2,0.5,0.5,1.6,-0.2,0.0,-0.6,-4.9,0.5,-0.4,1.0,-0.1,1.1,-0.7,1.0,-0.0,1.5,-0.5,0.4,-0.3,1.4,0.4,1.4,0.7,1.6,0.7,0.3,1.1,0.0,-0.1,0.4,-1.0,-0.0,2.5506,16,5,"70
"
0.1,-0.1,1.1,-0.2,1.2,-0.2,0.4,0.6,0.5,-0.5,0.4,-0.9,0.6,0.2,0.1,-1.1,0.5,0.9,1.6,-0.4,-0.3,-0.6,-5.6,0.6,-0.0,1.1,-0.1,1.3,-0.8,0.9,0.0,1.5,-0.7,0.2,-0.6,1.9,0.5,1.4,1.0,1.7,0.9,0.1,1.2,0.1,0.2,0.2,-1.0,-0.3,2.5540,16,5,"70
"
0.4,-0.1,0.9,-0.1,1.3,-0.2,0.2,0.5,0.6,-0.4,0.1,-0.6,0.7,0.2,0.3,-0.9,0.9,0.9,1.5,-0.4,-0.4,-0.6,-6.0,0.5,0.1,1.1,-0.0,1.1,-0.8,1.0,0.1,1.6,-0.7,0.0,-0.6,1.6,0.5,1.4,0.9,1.8,0.9,0.3,1.1,0.3,0.4,0.0,-0.9,-0.1,2.5534,16,5,"70
"
0.4,-0.1,1.0,-0.1,1.0,-0.1,0.3,0.5,0.6,-0.1,0.1,-0.5,0.6,0.1,0.2,-0.5,1.0,1.0,1.6,-0.6,0.0,-0.5,-6.0,0.2,-0.2,1.4,0.2,1.2,-1.1,0.8,0.1,1.5,-0.7,0.1,-0.7,1.3,0.2,1.5,1.0,1.4,0.9,0.2,1.1,0.3,0.4,-0.1,-0.6,-0.5,2.5531,16,5,"70
"
0.2,-0.3,0.8,-0.2,0.7,0.2,0.3,0.8,0.5,-0.1,0.0,-0.3,0.6,0.0,0.5,-0.6,0.8,0.8,1.4,-0.6,0.1,-0.8,-6.2,0.3,-0.2,1.8,0.1,1.3,-1.0,0.9,-0.2,1.4,-0.8,0.1,-0.8,1.3,0.3,1.5,1.0,1.3,1.1,0.7,1.0,0.3,0.7,0.1,-0.7,-0.3,2.5524,16,5,"70
"
0.0,-0.4,1.1,-0.2,0.9,0.4,0.1,0.9,0.6,-0.3,-0.0,-0.6,0.7,0.0,0.2,-0.6,0.6,0.7,1.2,-0.4,-0.1,-0.8,-6.4,0.5,0.2,1.6,0.0,1.2,-0.9,0.8,-0.6,1.5,-0.8,-0.1,-1.0,1.3,0.2,1.8,1.1,1.5,0.9,0.6,0.8,0.4,0.8,0.1,-0.8,-0.5,2.5517,16,5,"70
"
-0.1,-0.4,1.4,0.1,0.9,0.3,0.1,0.8,0.3,-0.3,0.1,-0.6,0.7,-0.0,-0.1,-0.7,0.5,1.0,1.6,-0.4,-0.2,-0.5,-5.3,0.5,-0.0,1.1,-0.1,1.4,-0.9,0.6,-0.5,1.7,-0.8,-0.0,-0.8,1.1,0.5,1.5,1.0,1.5,0.7,0.7,0.8,0.4,0.4,0.0,-0.7,-0.7,0.1856,16,10,"30
"
-0.4,-0.3,1.6,0.2,0.9,0.3,0.3,0.7,0.4,-0.6,0.1,-0.2,0.7,-0.2,0.0,-0.6,0.5,1.0,1.5,-0.4,0.0,-0.4,-4.3,0.1,-0.0,0.9,-0.1,1.7,-0.8,0.5,-0.3,1.8,-0.8,0.0,-0.5,0.9,0.7,1.2,1.0,1.4,0.9,0.3,0.8,0.4,0.1,-0.1,-0.9,-0.8,0.1667,16,10,"30
"
-0.3,-0.1,1.3,0.5,0.9,0.1,0.3,0.3,0.5,-0.6,0.0,0.3,0.3,-0.4,-0.2,-0.4,0.5,0.9,1.6,-0.8,-0.1,-0.5,-3.4,-0.2,-0.2,1.0,-0.2,1.6,-0.8,0.3,-0.6,2.0,-0.9,-0.1,-0.6,0.8,0.7,1.0,0.9,1.2,1.1,0.1,0.8,0.2,0.1,-0.1,-1.0,-0.8,0.1451,16,10,"30
"
-0.1,-0.1,1.0,0.5,0.7,0.1,0.2,0.1,0.7,-0.5,0.5,0.2,0.2,-0.2,-0.4,-0.4,0.7,1.3,1.1,-0.9,-0.1,-0.7,-3.2,-0.5,0.0,0.8,-0.4,1.6,-0.6,0.5,-0.8,1.6,-1.2,-0.4,-0.3,0.8,0.7,0.9,0.8,1.2,1.2,-0.1,0.9,0.4,0.3,-0.2,-1.2,-0.7,0.1289,16,10,"30
"
-0.2,-0.1,1.2,0.7,0.5,0.1,0.0,0.2,0.6,-0.6,0.6,0.1,0.2,-0.2,-0.2,-0.9,0.6,1.5,1.1,-1.0,-0.2,-0.3,-2.8,-0.7,0.0,1.0,-0.4,1.5,-0.6,0.3,-0.6,1.5,-1.4,0.0,-0.1,0.5,0.7,0.8,0.9,1.2,1.3,-0.4,0.9,0.3,0.2,-0.1,-1.0,-0.3,0.1196,16,10,"30
"
-0.3,-0.1,1.1,0.7,0.8,-0.2,-0.1,0.2,0.6,-0.7,0.3,0.2,0.3,-0.5,-0.2,-1.3,0.8,1.9,1.4,-1.1,0.0,-0.1,-2.5,-0.7,-0.2,0.6,-0.3,1.8,-0.6,0.1,-0.4,1.6,-1.5,0.2,0.1,0.6,0.8,0.9,1.0,1.1,1.4,0.1,0.8,0.3,0.2,-0.0,-1.4,-0.4,0.1121,16,10,"30
"
-0.2,-0.1,0.9,0.5,0.4,-0.2,-0.2,0.0,0.8,-0.7,0.5,0.1,0.1,-0.6,0.1,-1.3,0.7,1.9,1.6,-1.2,0.1,-0.2,-2.1,-0.9,-0.3,0.8,0.0,1.7,-0.1,-0.2,-0.6,1.5,-1.5,0.4,-0.1,0.7,0.8,1.0,0.9,0.9,1.3,0.2,0.8,0.3,0.4,0.0,-1.5,-0.4,0.1053,16,10,"30
"
-0.5,-0.3,0.3,0.5,0.2,-0.4,-0.2,-0.1,1.0,-0.8,0.8,0.2,-0.1,-0.7,-0.0,-1.4,0.9,1.5,1.3,-1.0,0.1,-0.2,-1.8,-0.9,-0.1,0.6,0.1,1.7,-0.2,-0.3,-0.8,1.4,-1.4,0.9,-0.4,0.8,0.6,1.0,1.0,1.2,1.3,0.1,0.8,0.1,0.6,0.0,-1.5,-0.6,0.0990,16,10,"30
"
-0.4,-0.3,0.7,0.6,-0.0,-0.2,0.0,-0.2,0.5,-0.8,0.8,0.2,-0.1,-0.5,-0.1,-1.1,1.0,1.7,1.1,-1.0,0.6,-0.4,-1.3,-0.8,-0.1,0.5,0.2,1.8,-0.2,-0.3,-0.8,1.5,-1.2,0.8,-0.5,1.0,1.1,1.4,0.9,1.2,1.0,-0.1,1.0,0.1,0.7,-0.1,-1.6,-0.5,0.0876,16,10,"30
"
-0.1,-0.4,0.7,0.6,0.1,-0.3,-0.1,-0.1,0.7,-0.9,0.8,0.4,0.0,-0.6,0.1,-1.0,1.0,1.7,1.2,-1.2,0.4,-0.4,-1.6,-0.5,-0.1,0.7,0.4,1.8,-0.1,-0.4,-0.6,1.6,-1.5,0.7,-0.5,0.8,1.1,1.4,0.8,1.4,0.9,-0.1,0.7,0.3,0.6,0.1,-1.3,-0.5,0.0831,16,10,"30
"
0.1,-0.5,0.9,0.1,0.1,-0.5,-0.1,-0.0,1.1,-0.3,0.8,0.5,0.0,-1.0,0.2,-1.0,1.1,1.8,1.5,-1.3,0.3,-0.6,-1.9,-0.5,0.1,0.5,0.4,1.6,-0.0,-0.6,-0.6,1.5,-1.7,0.3,-0.6,1.0,1.0,1.4,0.9,1.2,1.0,0.1,0.4,0.3,0.4,0.3,-1.2,-0.4,0.0789,16,10,"30
"
-0.1,-0.6,0.9,-0.1,0.2,-0.3,0.1,-0.2,1.2,-0.1,0.6,0.5,0.2,-1.1,-0.1,-0.9,1.0,1.8,1.4,-1.0,0.1,-0.2,-1.6,-0.4,0.1,0.4,0.8,1.5,-0.1,-0.5,-0.5,1.4,-1.5,0.4,-0.3,0.9,0.8,1.0,1.0,1.2,0.8,0.3,0.5,-0.0,0.4,0.3,-1.3,-0.0,0.0750,16,10,"30
"
0.1,-0.5,0.9,-0.3,0.5,-0.3,0.3,-0.1,1.1,-0.2,0.5,0.4,0.3,-0.8,-0.3,-1.1,0.8,1.4,1.3,-0.6,0.5,-0.1,-1.3,-0.3,-0.1,0.1,0.9,1.5,-0.2,-0.3,-0.5,1.1,-1.5,0.2,-0.3,0.9,0.8,1.2,0.7,1.4,1.0,0.6,0.8,0.0,0.2,0.5,-1.5,0.1,0.0576,16,10,"40
"
0.1,-0.5,0.7,-0.5,0.7,-0.3,0.4,-0.0,1.1,-0.2,0.6,0.6,0.2,-0.8,-0.3,-1.3,0.6,1.5,1.4,-0.6,0.4,0.0,-1.1,-0.0,-0.2,0.4,1.0,1.3,-0.4,-0.2,-0.5,1.1,-1.0,0.4,-0.1,0.9,0.8,1.6,0.6,1.5,1.0,0.7,1.0,0.1,0.1,0.4,-1.1,0.5,0.0536,16,10,"40
"
0.1,-0.4,0.8,-0.5,1.0,-0.5,0.2,0.0,0.7,-0.0,0.4,0.6,-0.2,-1.1,-0.3,-1.3,0.5,1.5,1.3,-0.5,0.1,0.1,-1.1,0.0,-0.2,0.3,1.3,1.1,-0.4,-0.5,-0.6,1.1,-1.1,0.4,-0.4,1.0,1.0,1.5,0.6,1.3,1.0,0.6,0.6,-0.1,0.3,0.6,-0.6,0.5,0.0454,16,10,"40
"
-0.0,-0.0,0.8,-0.3,1.2,-0.3,0.2,-0.1,0.7,-0.1,0.7,0.6,0.0,-1.2,-0.3,-1.3,0.4,1.4,1.6,-0.4,0.1,0.4,-1.1,-0.3,0.0,0.2,1.3,1.2,-0.6,-0.3,-0.8,0.6,-1.2,0.3,-0.3,1.0,0.8,1.5,0.4,1.3,1.3,0.5,0.3,0.1,0.1,0.5,-0.5,0.3,0.0401,16,10,"40
"
-0.0,0.1,0.5,-0.3,1.0,-0.2,0.4,0.1,1.3,-0.3,0.7,0.7,0.0,-1.1,-0.5,-1.5,0.2,1.5,2.1,-0.4,0.1,0.7,-0.6,-0.2,0.0,0.1,1.0,1.3,-0.5,-0.4,-0.8,0.8,-1.1,0.1,-0.3,0.8,0.4,1.5,0.4,1.5,1.4,0.8,0.2,0.2,0.5,0.3,-0.3,0.0,0.0383,16,10,"40
"
-0.2,-0.3,0.9,-0.1,1.1,-0.4,0.3,0.2,1.0,-0.3,0.9,0.7,-0.0,-0.9,-0.3,-1.3,0.3,1.4,1.9,-0.6,-0.1,0.5,-0.5,-0.3,0.0,-0.1,0.9,1.5,-0.3,-0.1,-0.7,1.0,-1.2,-0.0,-0.1,1.0,0.7,1.4,0.4,1.6,1.3,1.4,0.6,0.0,0.8,0.1,-0.3,-0.2,0.0372,16,10,"40
"
0.2,-0.7,1.0,-0.2,0.9,-0.0,0.3,0.0,1.3,-0.1,1.2,0.5,-0.2,-1.1,-0.3,-1.3,0.1,1.4,1.7,-0.7,-0.0,0.6,-0.8,-0.2,0.0,-0.6,1.0,1.0,-0.5,-0.1,-0.6,1.0,-1.3,-0.3,0.1,1.0,0.7,1.3,0.7,1.4,1.1,1.2,0.6,-0.1,0.7,0.3,-0.4,-0.4,0.0360,16,10,"40
"
0.5,-0.5,0.6,-0.0,1.1,-0.1,0.1,0.1,1.3,-0.3,1.3,0.9,-0.0,-0.8,-0.3,-1.5,-0.2,1.3,1.6,-0.9,-0.1,0.6,-1.0,0.5,0.0,-0.6,0.9,0.5,-0.7,0.0,-0.3,1.1,-0.8,-0.4,0.2,1.0,0.2,1.4,0.5,1.5,0.7,1.0,0.6,0.1,0.8,0.1,-0.6,-0.3,0.0338,16,10,"40
"
0.3,-0.2,0.5,-0.4,1.2,-0.1,-0.1,0.3,1.0,-0.3,1.1,0.7,-0.2,-0.7,-0.2,-1.6,-0.2,1.2,1.3,-0.8,-0.3,0.9,-1.0,0.7,-0.2,-0.3,1.0,0.6,-0.5,-0.4,-0.2,1.3,-0.8,-0.1,0.4,1.2,0.3,1.6,0.1,1.5,0.9,1.2,0.5,-0.0,0.6,0.3,-0.3,0.2,0.0328,16,10,"40
"
0.6,-0.4,0.4,-0.6,1.0,-0.4,-0.0,0.6,1.0,-0.3,1.0,1.2,-0.0,-0.5,-0.4,-1.4,-0.2,1.2,1.2,-0.8,-0.2,1.2,-1.2,0.4,-0.1,-0.5,1.1,0.6,-0.7,-0.2,-0.1,1.7,-0.6,-0.1,0.3,1.2,0.0,1.4,0.2,1.4,0.8,1.0,0.4,-0.2,0.7,0.3,-0.3,0.3,0.0317,16,10,"40
"
0.5,-0.2,0.4,-0.5,0.8,-0.5,-0.2,0.6,1.1,-0.3,1.0,1.3,0.1,-0.6,-0.5,-1.4,-0.4,1.1,1.2,-0.7,-0.3,1.4,-1.2,0.4,-0.4,-0.8,0.9,0.7,-0.5,0.1,-0.2,1.8,-0.3,-0.2,0.4,1.2,0.0,1.4,0.2,1.7,0.6,0.9,0.6,0.1,1.0,0.5,-0.3,0.3,0.0304,16,10,"40
"
0.3,-0.3,0.3,-0.5,0.6,-0.0,0.0,0.7,0.8,-0.1,1.3,1.0,0.1,-0.5,-0.5,-1.2,-0.4,1.1,1.3,-0.8,-0.2,1.1,-1.0,0.2,-0.4,-0.9,1.1,0.3,-0.5,0.1,-0.3,1.8,-0.2,-0.1,0.5,1.2,0.1,1.2,0.2,1.8,0.5,0.9,0.3,-0.1,0.7,0.6,-0.3,0.5,0.0296,16,10,"40
"
-0.1,-0.3,0.4,-0.1,0.8,0.1,0.1,0.6,0.8,-0.1,1.2,0.8,0.2,-0.3,-0.8,-1.2,-0.2,1.2,1.5,-0.6,-0.1,1.0,-1.0,0.0,-0.1,-0.8,1.0,0.3,-0.9,0.3,-0.4,1.7,-0.3,-0.1,0.7,1.3,0.1,1.0,0.6,1.7,0.6,1.0,0.5,0.2,0.3,0.4,-0.4,0.3,0.0259,16,10,"50
"
0.1,0.1,0.6,-0.2,0.8,0.0,0.1,0.7,1.0,0.3,1.0,0.8,0.0,-0.1,-0.6,-0.7,0.1,0.4,1.4,-0.8,-0.3,1.1,-1.0,0.4,0.0,-0.7,1.1,0.1,-1.0,0.8,-0.2,1.5,-0.3,-0.2,0.6,1.3,0.2,0.7,0.6,1.7,0.6,0.8,0.5,0.3,-0.2,0.4,-0.6,0.2,0.0640,16,10,"50
"
-0.2,0.4,0.6,-0.2,0.7,-0.2,0.2,0.7,1.1,0.2,1.0,0.8,0.2,-0.1,-0.7,-0.8,0.1,0.7,1.2,-0.9,-0.3,1.2,-1.2,0.5,0.0,-0.9,0.9,0.2,-1.1,0.7,-0.2,1.6,-0.7,-0.3,0.3,1.2,0.3,0.5,0.5,1.9,1.0,0.9,0.6,0.3,-0.1,0.5,-0.5,0.3,0.3600,16,10,"50
"
-0.3,0.4,0.5,-0.2,0.5,-0.3,0.1,0.6,1.2,0.3,0.9,0.8,0.1,-0.3,-0.8,-0.6,-0.2,0.9,1.1,-1.2,-0.1,0.8,-1.0,0.5,0.0,-0.7,1.0,0.3,-1.3,0.5,-0.2,1.5,-0.9,-0.2,0.3,1.0,0.4,0.6,0.5,2.0,1.0,0.8,0.8,0.3,-0.0,0.3,-0.3,0.3,0.3963,16,10,"50
"
-0.4,0.5,0.4,-0.4,0.6,-0.6,0.2,0.5,1.2,0.4,0.9,0.8,-0.1,-0.5,-1.1,-0.7,0.3,1.0,0.7,-1.2,-0.0,0.6,-0.9,0.5,-0.1,-0.4,0.7,0.7,-1.2,0.5,-0.2,1.6,-0.7,0.0,0.1,0.9,0.4,0.6,0.5,2.0,0.8,0.5,0.9,-0.0,-0.1,0.1,-0.3,0.5,0.3977,16,10,"50
"
-0.3,0.6,0.4,-0.2,0.3,-0.4,0.2,0.8,1.3,0.3,0.9,0.8,-0.1,-0.3,-1.1,-0.8,0.9,0.8,0.6,-1.4,0.2,0.4,-0.6,0.4,-0.4,-0.2,0.7,0.6,-1.4,0.8,0.1,1.6,-0.5,-0.3,0.2,1.1,0.7,0.5,0.5,1.9,0.8,0.6,0.9,0.3,-0.0,0.1,-0.4,0.2,0.3982,16,10,"50
"
-0.4,0.3,0.1,-0.2,0.4,-0.6,0.0,0.6,1.4,0.5,0.9,0.6,-0.1,-0.4,-1.0,-0.5,1.2,0.8,0.5,-1.4,0.2,0.4,-1.0,0.4,-0.5,-0.2,0.7,0.4,-1.8,0.7,0.1,1.4,-0.3,-0.0,0.3,1.1,0.4,0.7,0.6,1.6,0.8,0.9,0.8,0.5,0.2,0.2,-0.9,-0.1,0.3985,16,10,"50
"
-0.6,0.1,0.4,-0.3,0.3,-0.4,0.2,0.7,1.5,0.6,0.9,0.6,-0.2,-0.7,-1.2,-0.3,1.1,0.8,0.4,-1.8,0.2,0.3,-0.8,0.4,-1.0,0.1,0.5,0.5,-1.7,0.6,-0.0,1.6,-0.1,-0.1,0.3,1.2,0.4,0.8,0.9,1.6,0.8,0.7,1.0,0.4,0.2,0.5,-0.9,-0.2,0.3989,16,10,"50
"
-0.5,0.0,0.5,-0.3,0.4,-0.5,0.2,0.6,0.9,0.8,0.4,0.6,-0.2,-0.6,-1.2,-0.3,1.0,0.3,0.3,-1.4,0.2,-0.2,-0.9,0.2,-1.1,0.2,0.5,0.8,-1.9,0.6,0.0,1.8,-0.2,0.2,0.6,1.2,0.5,0.7,1.3,1.7,0.9,0.6,1.1,0.6,0.1,0.3,-0.8,-0.0,0.3989,16,10,"50
"
-0.4,-0.0,0.5,-0.3,0.3,-0.4,0.2,0.6,0.9,1.1,0.3,0.7,-0.0,-0.6,-1.3,-0.2,1.2,0.2,0.2,-1.3,0.2,-0.2,-1.1,0.2,-0.9,-0.0,-0.0,0.7,-2.2,0.5,-0.1,1.7,-0.2,-0.1,0.5,1.2,0.4,0.8,1.2,1.6,0.9,0.7,0.9,0.5,-0.0,0.1,-0.9,0.1,0.3992,16,10,"50
"
-0.5,0.3,0.7,-0.3,0.4,-0.7,0.4,0.2,0.9,0.7,0.5,0.7,-0.2,-0.7,-1.3,-0.5,1.1,0.5,0.2,-1.1,0.2,-0.1,-0.9,0.2,-0.8,0.1,-0.4,0.5,-1.7,0.5,-0.4,1.6,-0.6,-0.0,0.5,1.3,0.6,1.0,1.4,1.4,1.0,0.6,1.5,0.6,-0.5,-0.0,-0.8,-0.0,0.3997,16,10,"50
"
-0.5,0.1,0.7,-0.1,0.3,-0.5,0.1,0.2,0.9,0.5,0.6,1.2,-0.0,-0.4,-1.1,-0.3,1.4,0.5,0.1,-1.0,0.0,0.0,-0.8,0.0,-0.7,0.0,-0.8,0.6,-1.5,0.8,-0.2,1.8,-0.5,0.0,0.6,1.8,0.5,0.9,1.5,1.4,0.8,0.7,1.7,0.4,-0.2,-0.1,-0.8,-0.1,0.3998,16,10,"50
"
-0.4,0.0,0.9,-0.2,0.4,-0.6,0.3,0.2,1.2,0.4,0.5,1.1,-0.4,-0.5,-1.3,-0.1,1.4,0.6,0.4,-0.9,-0.1,0.1,-0.5,0.2,-0.5,0.2,-0.5,0.4,-1.7,0.9,-0.3,1.5,-0.2,-0.1,0.5,1.7,0.7,0.8,1.5,1.5,0.7,0.6,1.5,0.0,-0.1,0.1,-1.2,-0.3,0.4013,16,10,"60
"
-0.2,0.2,1.0,-0.4,0.5,-0.4,0.3,0.4,1.5,0.3,0.5,1.0,-0.2,-0.8,-1.2,-0.2,1.1,0.3,0.5,-1.0,0.1,-0.1,-0.6,0.1,-0.5,0.4,-0.5,0.7,-1.7,0.9,-0.2,1.7,-0.1,-0.1,0.7,1.7,0.4,0.4,1.1,1.5,0.6,0.2,1.7,0.2,-0.2,0.1,-0.9,-0.5,0.4018,16,10,"60
"
0.2,0.5,1.3,-0.3,0.4,-0.4,0.4,0.2,1.4,0.2,0.6,1.2,-0.5,-0.6,-1.0,-0.0,0.9,0.2,0.5,-0.9,-0.1,-0.2,-0.2,-0.2,-0.2,0.5,-0.5,1.0,-1.5,1.2,-0.3,1.6,-0.0,-0.0,0.6,1.6,0.4,0.7,1.4,1.3,0.5,0.2,2.1,0.1,-0.1,-0.0,-0.6,-0.5,0.4019,16,10,"60
"
0.4,0.4,1.2,-0.5,0.3,-0.6,0.5,0.4,1.3,0.1,0.5,0.9,-0.6,-0.3,-0.9,-0.1,1.0,0.1,0.8,-1.0,-0.2,-0.0,0.0,0.0,-0.2,0.5,-0.7,0.7,-1.3,1.0,-0.4,1.5,-0.1,-0.1,0.5,1.5,0.7,0.6,1.5,1.6,0.5,0.2,2.0,0.1,-0.2,0.2,-0.7,-0.7,0.4019,16,10,"60
"
0.3,0.3,0.8,-0.6,0.2,-0.6,0.6,0.5,1.2,0.1,0.4,0.7,-0.5,-0.3,-1.0,-0.4,0.8,0.4,0.9,-1.0,-0.3,0.1,0.3,-0.4,-0.5,0.4,-0.6,0.6,-1.6,0.9,-0.1,1.4,-0.4,-0.3,0.9,1.6,0.7,0.6,1.3,1.5,0.8,0.2,2.1,-0.0,-0.4,0.4,-0.6,-0.5,0.4024,16,10,"60
"
0.5,-0.1,0.5,-0.6,0.3,-0.7,0.7,0.7,1.2,-0.2,0.6,0.6,-0.3,-0.6,-0.7,-0.4,0.6,0.6,0.9,-1.2,-0.4,0.2,0.3,-0.2,-0.1,0.5,-0.3,0.2,-1.9,1.0,-0.2,1.3,-0.4,-0.5,0.9,1.4,0.7,0.4,1.0,1.7,0.8,0.3,2.6,-0.2,-0.5,0.2,-0.5,-0.6,0.4029,16,10,"60
"
0.2,-0.5,0.3,-0.7,0.2,-0.5,0.6,0.4,0.9,-0.2,0.6,0.8,-0.1,-0.6,-0.5,-0.2,0.6,0.8,0.9,-1.3,-0.4,-0.1,0.4,-0.4,-0.2,0.3,-0.3,0.2,-2.0,1.0,-0.1,0.9,-0.4,-0.2,0.9,1.5,0.9,0.5,0.9,1.4,1.0,0.3,2.7,0.1,-0.5,0.2,-0.6,-0.6,0.4029,16,10,"60
"
0.2,-0.2,0.1,-1.0,0.2,-0.1,0.5,0.2,0.9,-0.4,0.8,0.6,-0.1,-0.7,-0.8,-0.2,0.5,0.7,1.2,-1.3,-0.2,0.3,0.3,-0.2,-0.2,0.6,-0.3,0.8,-1.8,0.7,-0.4,0.8,-0.5,-0.5,0.9,1.4,0.7,0.8,0.8,1.1,1.1,0.4,2.7,0.1,-0.2,0.2,-0.9,-0.6,0.4028,16,10,"60
"
0.4,-0.1,-0.1,-0.9,0.3,-0.5,0.6,0.6,0.9,-0.3,1.0,0.6,0.3,-0.6,-1.1,-0.6,0.5,0.5,1.0,-1.5,-0.3,0.1,0.1,-0.3,0.2,0.8,-0.2,0.7,-1.7,0.7,-0.4,0.6,-0.7,-0.4,0.8,1.9,0.5,0.7,0.6,1.3,1.1,0.6,2.1,0.1,0.2,0.2,-0.6,-0.9,0.4033,16,10,"60
"
0.2,0.3,-0.2,-0.8,0.5,-0.5,0.7,0.9,1.1,-0.7,1.0,0.5,0.4,-0.4,-0.9,-0.9,0.4,0.6,1.0,-1.5,-0.4,-0.2,0.0,-0.0,0.1,0.9,-0.2,0.8,-1.7,0.8,-0.8,0.7,-0.7,-0.3,0.5,1.9,0.4,0.7,0.5,1.4,1.1,0.5,1.8,0.1,0.3,0.6,-0.7,-0.7,0.4036,16,10,"60
"
0.3,-0.1,-0.4,-1.0,0.6,-0.1,1.0,1.1,1.0,-0.8,1.0,0.5,0.5,-0.5,-1.0,-0.9,0.3,0.6,1.0,-1.2,-0.4,-0.2,0.0,0.2,0.3,0.7,-0.1,0.4,-1.7,0.9,-0.8,0.7,-0.7,-0.4,0.4,1.8,0.5,0.6,0.5,1.1,1.2,0.4,1.8,-0.0,0.1,0.8,-0.6,-0.6,0.4037,16,10,"60
"
0.3,-0.1,-0.0,-0.9,0.8,-0.2,1.0,1.1,1.3,-0.8,0.9,0.7,0.5,-0.1,-1.1,-1.0,0.5,0.5,0.4,-1.1,-0.3,-0.1,0.3,-0.1,0.2,0.9,-0.3,0.0,-1.5,1.1,-0.8,0.8,-0.5,-0.1,0.5,1.6,0.7,0.6,0.7,0.9,1.0,0.6,1.5,0.0,-0.0,0.9,-0.7,-0.6,0.4041,16,10,"60
"
0.3,-0.3,-0.0,-0.7,0.8,-0.2,1.0,1.2,1.3,-1.1,0.9,0.6,0.4,-0.1,-0.8,-1.2,0.5,0.5,0.5,-0.8,-0.3,-0.1,0.3,-0.1,0.4,0.9,-0.2,0.1,-1.7,1.0,-0.6,0.6,-0.3,-0.2,0.6,1.2,0.7,0.7,0.6,1.0,1.0,0.7,1.3,-0.3,0.2,0.6,-0.6,-0.4,0.4044,16,10,"70
"
0.4,-0.3,-0.2,-0.8,0.6,-0.4,1.0,1.0,1.4,-0.9,0.9,0.4,0.5,-0.3,-0.5,-1.4,0.4,0.6,0.9,-0.8,-0.3,-0.2,0.2,-0.0,0.3,1.0,0.1,0.1,-1.7,1.4,-0.5,0.7,-0.2,-0.3,0.3,1.2,0.7,0.6,0.6,0.9,1.1,0.4,1.1,-0.3,0.2,0.9,-0.4,-0.4,0.4046,16,10,"70
"
0.5,-0.2,-0.1,-0.9,0.8,-0.6,0.7,0.9,1.4,-0.7,0.7,0.1,0.2,-0.6,-0.5,-1.4,0.5,0.4,1.2,-0.7,-0.4,-0.1,-0.0,-0.1,0.4,0.8,0.3,0.3,-1.6,1.5,-0.3,0.9,-0.3,-0.2,0.4,1.2,0.6,0.2,0.5,1.1,1.1,0.7,1.0,-0.1,0.4,0.8,-0.4,-0.3,0.4049,16,10,"70
"
0.5,-0.2,-0.4,-0.8,0.7,-0.7,0.6,0.5,1.5,-0.8,0.9,0.1,0.2,-0.4,-0.3,-1.4,0.3,0.7,1.3,-0.5,-0.7,0.1,0.1,-0.2,0.4,0.8,0.0,0.3,-1.8,1.1,-0.1,0.9,-0.4,-0.3,0.5,1.2,0.6,0.2,0.7,1.0,0.9,0.6,1.3,-0.2,0.3,0.7,-0.5,-0.1,0.4051,16,10,"70
"
0.4,-0.0,-0.6,-0.5,0.7,-0.5,0.7,0.3,1.1,-0.5,1.1,-0.2,0.3,-0.2,-0.5,-1.0,0.1,0.9,1.1,-0.7,-0.7,-0.0,0.1,-0.3,0.5,0.6,-0.1,0.5,-1.8,1.0,-0.3,1.1,-0.2,-0.4,0.4,1.3,0.8,0.6,0.8,1.2,0.7,0.9,1.2,-0.1,0.1,0.5,-0.6,-0.0,0.4052,16,10,"70
"
0.4,-0.1,-0.2,-0.5,0.9,-0.3,0.6,0.4,1.0,-0.5,1.0,-0.2,0.6,-0.4,-0.6,-1.2,-0.2,0.8,1.4,-0.6,-0.7,0.1,0.1,-0.4,0.6,0.5,0.2,0.4,-1.9,0.7,-0.2,0.9,0.0,-0.6,0.7,1.3,1.0,0.7,0.9,1.2,0.6,0.7,0.6,-0.4,0.3,0.3,-0.5,0.1,0.4055,16,10,"70
"
0.3,-0.1,-0.5,-0.3,0.9,-0.3,0.7,0.4,0.8,-0.6,1.0,-0.2,0.8,-0.3,-0.8,-1.4,-0.2,1.0,1.6,-0.6,-0.7,-0.0,-0.1,0.0,0.6,0.5,0.1,0.4,-2.0,0.6,-0.1,0.7,0.3,-0.5,0.7,1.4,1.1,0.8,1.0,1.4,0.6,0.8,0.5,-0.5,-0.0,0.1,-0.5,0.3,0.4055,16,10,"70
"
-0.0,0.4,-0.5,-0.1,1.0,-0.3,0.6,0.6,0.8,-0.7,1.3,-0.5,0.8,-0.3,-0.7,-1.6,-0.0,1.0,1.5,-0.8,-0.7,-0.1,0.1,0.1,0.9,0.4,0.2,0.7,-2.1,0.6,-0.1,0.8,-0.1,-0.2,0.8,1.4,1.0,0.7,0.9,1.3,0.5,0.9,0.8,-0.3,-0.1,-0.0,-0.3,0.2,0.4057,16,10,"70
"
0.2,0.5,-0.6,-0.2,1.0,-0.5,0.5,0.4,0.7,-0.5,1.2,-0.7,0.8,-0.3,-0.8,-1.3,-0.1,0.9,1.4,-0.6,-0.8,0.0,-0.1,-0.1,0.7,0.5,0.4,0.7,-2.0,0.9,-0.2,0.6,0.0,-0.1,1.1,1.3,1.0,0.8,0.8,1.3,0.6,0.7,0.8,-0.6,-0.2,-0.2,-0.3,0.1,0.4058,16,10,"70
"
0.3,0.6,-0.4,-0.5,0.8,-0.5,0.6,0.7,0.5,-0.4,1.0,-0.8,1.0,-0.3,-0.4,-1.2,0.1,1.2,1.3,-0.6,-0.8,0.1,0.0,0.2,0.3,0.7,0.4,0.6,-1.8,0.9,-0.4,0.5,0.2,0.3,1.1,1.3,1.1,1.1,0.9,1.0,0.5,0.6,0.6,-0.6,-0.1,-0.4,-0.2,-0.2,0.4056,16,10,"70
"
0.1,0.6,-0.4,-0.3,0.8,-0.6,0.7,0.9,0.6,-0.2,1.3,-0.5,1.0,-0.4,-0.4,-1.4,-0.0,1.5,1.2,-0.5,-0.3,-0.3,0.0,0.2,0.4,0.7,0.4,0.9,-1.6,1.0,-0.3,0.6,0.4,0.4,0.6,1.2,1.2,0.9,1.3,0.9,0.2,0.7,0.3,-0.6,-0.4,-0.6,-0.1,-0.1,0.4056,16,10,"70
"
-0.0,0.5,-0.4,-0.3,0.5,-0.6,0.8,1.0,0.6,-0.4,1.1,-0.6,0.6,-0.4,-0.4,-1.5,0.3,1.4,1.5,-0.7,-0.4,0.2,0.2,0.0,0.3,0.9,0.3,0.4,-1.4,0.9,-0.0,0.8,0.4,0.2,0.8,1.0,1.5,1.0,1.3,0.9,0.2,1.0,0.0,-0.5,-0.6,-0.5,0.2,0.0,0.4058,16,10,"70
"
-0.3,0.4,-0.0,-0.2,0.4,-0.6,0.8,0.7,0.7,-0.4,1.2,-0.4,0.5,-0.2,-0.5,-1.3,0.4,1.1,1.6,-0.5,-0.6,0.3,0.1,0.1,0.3,0.7,0.2,0.3,-1.1,0.8,-0.3,1.2,0.1,0.4,1.0,1.0,1.2,0.7,1.0,1.0,0.3,0.8,0.1,-0.4,-0.4,-0.5,0.0,-0.2,0.6148,16,15,"30
"
-0.3,0.1,0.1,-0.2,0.5,-0.7,0.9,0.5,0.5,-0.2,1.0,-0.2,0.4,-0.2,-0.7,-1.1,0.4,1.2,1.6,-0.5,-0.6,0.3,0.1,0.1,0.2,0.7,0.2,0.1,-0.7,0.7,-0.2,1.0,0.1,0.4,1.2,1.2,1.6,0.8,0.9,0.9,0.4,0.9,0.2,-0.3,-0.5,-0.4,-0.2,-0.4,0.5795,16,15,"30
"
-0.2,0.1,0.4,-0.0,0.7,-0.7,0.6,0.4,0.6,-0.2,0.6,0.3,0.0,-0.2,-0.6,-1.2,0.5,1.5,1.5,-0.8,-0.8,0.5,0.2,0.3,0.2,0.9,-0.1,0.3,-0.7,0.8,-0.1,1.1,-0.0,0.3,1.1,1.4,1.3,1.1,1.0,1.1,0.5,0.8,0.3,-0.3,-0.3,-0.1,-0.2,-0.4,0.5620,16,15,"30
"
-0.3,0.4,0.4,-0.3,0.9,-0.9,0.5,0.1,0.1,-0.2,0.6,0.5,0.2,-0.0,-0.6,-1.2,0.7,1.2,1.6,-0.8,-0.8,0.4,0.2,0.4,-0.0,0.9,-0.1,0.5,-0.6,0.9,-0.2,1.1,0.1,0.1,1.1,1.5,1.2,1.4,0.9,0.8,0.7,0.8,0.9,-0.3,-0.2,-0.2,-0.4,-0.6,0.5595,16,15,"30
"
-0.4,0.1,0.3,0.1,0.7,-0.9,0.5,0.1,0.1,-0.2,0.3,0.7,0.1,0.1,-0.5,-1.0,0.7,1.1,1.6,-0.7,-0.8,0.1,0.1,0.2,-0.2,1.2,-0.4,0.4,-0.8,1.1,-0.6,1.1,-0.1,-0.0,0.7,1.2,1.2,1.4,0.9,0.7,0.6,0.9,0.7,-0.2,-0.3,-0.1,-0.2,-0.4,0.5574,16,15,"30
"
-0.5,0.3,0.4,-0.0,0.7,-0.6,0.6,0.2,0.2,-0.1,0.6,0.4,0.1,0.1,-0.5,-0.8,0.9,1.1,1.8,-0.4,-1.0,0.3,-0.1,0.1,0.0,1.3,-0.4,0.4,-0.9,1.2,-0.8,1.2,0.0,-0.3,0.6,1.2,0.9,1.6,1.2,0.8,0.5,0.9,0.7,-0.3,-0.3,-0.1,0.2,-0.1,0.5556,16,15,"30
"
-0.7,0.2,0.6,-0.4,0.6,-0.1,0.7,-0.2,0.3,-0.1,0.3,0.3,0.1,0.2,-0.5,-1.0,1.0,1.2,2.0,-0.2,-1.1,0.0,-0.1,0.1,0.2,1.2,0.1,0.6,-1.0,1.3,-0.8,1.3,0.1,-0.2,0.5,1.2,0.9,1.7,1.2,0.9,0.5,1.1,0.7,-0.0,-0.4,0.1,0.3,-0.2,0.5539,16,15,"30
"
-0.6,0.3,0.6,-0.5,0.8,0.4,0.7,-0.1,0.4,0.0,0.4,0.9,-0.1,0.3,-0.6,-0.7,0.9,1.3,2.3,-0.3,-1.1,-0.5,0.1,-0.2,-0.0,1.3,0.3,0.8,-0.8,1.5,-0.8,1.3,0.1,-0.1,0.6,0.8,0.9,1.8,1.2,0.6,0.6,1.3,0.9,-0.1,-0.3,0.3,0.2,0.1,0.5523,16,15,"30
"
-0.4,-0.1,0.5,-0.5,0.8,0.4,0.6,-0.0,0.3,-0.0,0.5,1.0,-0.1,0.2,-0.8,-0.8,1.1,1.2,2.6,-0.1,-1.2,-0.3,-0.1,-0.1,0.2,1.4,0.2,0.7,-0.8,1.5,-0.8,1.2,-0.0,-0.1,0.6,0.9,0.9,1.7,1.3,0.4,0.3,1.4,1.3,-0.1,-0.3,0.6,0.6,-0.1,0.5509,16,15,"30
"
-0.5,0.2,0.5,-1.0,0.8,0.4,0.9,-0.1,0.6,0.1,0.2,1.0,0.2,-0.0,-0.7,-1.1,1.5,1.3,2.3,0.1,-1.5,-0.7,-0.3,0.3,0.1,1.3,-0.2,1.0,-0.9,1.6,-0.8,1.0,0.1,-0.0,1.0,0.7,1.0,1.5,1.1,0.4,0.2,1.2,1.4,-0.2,-0.2,0.8,0.3,-0.0,0.5498,16,15,"30
"
-0.7,0.2,1.1,-1.0,1.1,0.5,0.6,-0.2,0.6,0.1,0.3,0.8,-0.0,-0.1,-0.6,-0.9,1.0,1.4,2.2,0.0,-1.4,-0.5,-0.2,0.4,-0.1,1.3,-0.1,0.9,-0.8,1.7,-1.1,0.8,0.1,-0.2,1.0,0.6,1.0,1.6,1.0,0.3,0.4,1.2,1.4,-0.3,-0.4,1.0,0.2,-0.1,0.5473,16,15,"30
"
-0.9,0.5,1.0,-0.9,1.3,0.5,0.4,0.2,0.5,0.2,0.2,0.9,0.1,0.1,-0.9,-0.7,0.8,1.5,2.3,-0.1,-1.1,-0.5,-0.2,0.2,0.1,1.9,-0.2,1.0,-1.0,1.5,-1.2,1.0,0.3,0.1,1.2,0.7,1.1,1.9,1.1,0.5,0.3,1.4,1.5,-0.2,-0.1,0.5,0.2,0.0,0.5460,16,15,"30
"
-1.2,0.5,0.6,-0.8,1.0,0.5,0.5,0.0,0.7,0.1,0.5,1.1,0.1,0.2,-1.0,-0.8,0.8,1.3,2.4,-0.3,-1.2,-0.5,-0.4,0.2,0.4,2.1,-0.1,1.3,-0.9,1.6,-1.1,1.2,0.2,0.1,0.8,0.8,1.1,1.8,0.9,0.6,0.2,1.3,1.5,-0.3,-0.1,0.5,0.1,-0.1,0.5403,16,15,"40
"
-0.8,0.6,0.3,-0.9,0.8,0.2,0.4,0.4,0.7,0.0,0.5,0.8,0.1,0.5,-0.9,-0.7,0.6,1.1,2.7,-0.2,-1.2,-0.6,-0.6,0.4,0.7,2.2,0.2,1.0,-1.0,1.7,-1.0,1.5,0.4,-0.2,0.5,0.8,1.2,1.5,0.8,0.7,0.7,1.5,1.2,-0.0,0.0,0.8,-0.4,-0.3,0.5393,16,15,"40
"
-0.5,0.6,0.2,-1.0,1.2,0.3,0.5,0.1,0.8,-0.2,0.6,1.2,0.2,0.7,-0.8,-0.6,0.6,1.4,2.2,0.1,-0.8,-0.4,-0.7,0.4,0.1,2.1,0.3,0.9,-0.9,1.7,-1.3,1.7,0.5,-0.6,0.4,0.7,1.1,1.8,0.9,1.0,0.4,1.6,1.0,0.2,0.4,0.5,-0.6,-0.3,0.5382,16,15,"40
"
-0.6,0.3,0.1,-1.2,1.1,-0.0,0.6,-0.1,0.4,-0.7,0.5,1.2,-0.0,0.5,-0.6,-0.7,1.0,1.3,2.0,0.0,-0.9,-0.2,-0.8,0.5,-0.1,1.9,0.3,0.8,-0.9,1.8,-1.7,1.6,0.5,-0.7,0.2,0.4,1.2,1.9,1.0,1.0,0.5,1.7,0.9,0.5,0.4,0.8,-0.8,-0.4,0.5379,16,15,"40
"
-0.5,0.4,0.6,-0.9,1.4,0.3,0.4,-0.2,0.3,-0.8,0.7,1.3,-0.2,0.2,-0.7,-0.8,0.9,1.2,1.9,-0.2,-0.6,-0.4,-0.5,0.3,-0.3,1.7,0.7,0.5,-1.2,1.5,-1.7,1.5,0.5,-0.9,-0.2,0.7,1.2,1.8,1.1,1.2,0.5,1.8,1.6,0.6,0.4,0.9,-0.7,-0.4,0.5374,16,15,"40
"
-0.2,0.7,0.8,-0.5,1.3,0.1,0.2,-0.3,0.4,-0.9,0.6,1.1,-0.2,-0.2,-0.8,-0.7,1.1,1.1,1.4,-0.3,-0.6,-0.3,-0.4,0.1,-0.0,1.9,0.7,0.7,-1.1,1.7,-1.5,1.4,0.6,-0.7,-0.3,0.9,1.1,1.7,0.8,1.2,0.4,1.7,1.7,0.6,0.7,1.3,-1.1,-0.4,0.5364,16,15,"40
"
0.0,0.7,0.9,-0.4,1.4,0.4,0.0,-0.2,0.5,-0.8,0.4,1.0,0.0,0.0,-0.9,-0.8,1.2,1.4,1.2,-0.3,-0.7,-0.1,-0.4,-0.0,0.1,2.0,0.5,0.6,-0.8,1.8,-1.4,1.3,0.2,-0.7,-0.5,1.3,1.4,2.0,0.9,0.9,0.7,1.2,1.6,0.5,0.7,1.4,-1.5,-0.2,0.5356,16,15,"40
"
0.2,0.7,0.9,-0.4,1.5,0.3,-0.1,-0.1,0.4,-0.5,0.3,1.0,0.2,-0.0,-0.8,-1.2,1.3,1.5,1.1,-0.4,-0.5,-0.2,-0.5,0.2,0.1,2.1,0.6,0.7,-0.6,1.7,-1.5,1.1,0.1,-0.9,-0.2,1.4,1.3,1.9,0.6,1.1,0.7,0.9,1.8,0.1,0.8,1.4,-1.8,-0.3,0.5348,16,15,"40
"
-0.1,0.6,1.2,-0.2,1.7,0.3,0.1,-0.0,0.5,-0.3,0.1,0.9,0.5,0.1,-0.9,-1.4,1.5,2.0,1.2,-0.5,-0.4,-0.0,-0.3,0.2,0.3,2.2,1.0,0.6,-0.6,1.6,-1.3,1.4,-0.2,-0.5,-0.2,1.5,1.2,2.3,0.3,1.2,0.6,0.8,2.1,0.5,0.5,1.4,-1.5,-0.3,0.5344,16,15,"40
"
-0.1,0.5,1.1,0.1,1.4,0.5,0.2,0.2,0.5,-0.1,0.0,0.9,-0.1,-0.1,-0.8,-1.4,1.2,1.7,1.2,-0.5,-0.3,-0.3,-0.2,-0.1,0.0,2.5,0.9,0.4,-1.1,1.6,-1.6,1.5,-0.3,-0.6,-0.2,1.5,1.3,2.5,0.1,1.2,0.3,0.8,2.0,0.4,0.7,1.4,-1.3,-0.2,0.5331,16,15,"40
"
-0.2,0.7,0.9,0.0,1.8,0.5,0.2,0.2,0.8,-0.2,-0.2,0.7,0.2,-0.1,-0.9,-1.4,1.0,1.8,1.1,-0.7,-0.1,-0.1,-0.2,-0.1,0.4,2.5,0.8,0.7,-1.2,1.2,-1.6,1.6,-0.5,-0.8,0.0,1.6,1.2,2.4,-0.0,1.2,0.4,0.7,1.8,0.4,0.8,1.2,-1.3,0.1,0.5323,16,15,"40
"
-0.3,0.6,1.0,0.5,1.8,1.1,0.2,0.4,0.8,-0.2,-0.2,0.7,0.3,0.2,-1.0,-1.2,0.6,1.7,1.1,-0.7,0.2,-0.2,0.1,-0.2,0.3,2.6,0.9,0.7,-0.9,1.4,-1.4,1.3,-0.7,-0.6,-0.3,1.3,0.8,2.4,-0.1,0.7,0.7,0.8,1.6,0.7,1.2,0.9,-1.3,0.2,0.5314,16,15,"40
"
